station, date, time, depth (meters), salinity (psu), temperature (centigrade), density (sigma t), chlorophyll raw (ug/l), dissolved oxygen (mg/l) raw, dissolved oxygen (mg/l) adjusted, light transmission (%), pH
NRR001,11/27/1989,1155,1,30.55,10.91,23.33,,6.9,,85.1,7.9
NRR001,11/27/1989,1155,1.5,30.27,11.06,23.09,,6.9,,89.7,7.9
NRR001,11/27/1989,1155,2.5,30.36,10.93,23.18,,6.9,,91.4,7.9
NRR001,11/27/1989,1155,3,30.37,10.91,23.19,,7,,91.3,7.9
NRR001,11/27/1989,1155,3.5,30.37,10.91,23.19,,7.2,,91.3,7.9
NRR001,11/27/1989,1155,4,30.37,10.92,23.19,,7.3,,91.3,7.9
NRR001,11/27/1989,1155,4.5,30.37,10.92,23.19,,7.3,,91.3,7.9
NRR001,11/27/1989,1155,5.5,30.38,10.91,23.19,,7.4,,91.3,7.9
NRR001,11/27/1989,1155,6,30.38,10.92,23.19,,7.4,,91.3,7.9
NRR001,11/27/1989,1155,7,30.38,10.92,23.19,,7.4,,91.3,7.9
NRR001,11/27/1989,1155,7.5,30.38,10.92,23.19,,7.4,,91.4,7.9
NRR001,11/27/1989,1155,8,30.38,10.92,23.2,,7.4,,91.5,7.9
NRR001,11/27/1989,1155,8.5,30.38,10.92,23.2,,7.4,,91.5,7.9
NRR001,11/27/1989,1155,9,30.38,10.91,23.2,,7.4,,91.5,7.9
NRR001,11/27/1989,1155,10,30.38,10.91,23.2,,7.4,,91.5,7.9
NRR001,11/27/1989,1155,10.5,30.38,10.92,23.2,,7.4,,91.5,7.9
NRR001,11/27/1989,1155,11.5,30.38,10.92,23.2,,7.4,,91.5,7.9
NRR001,11/27/1989,1155,12,30.38,10.92,23.2,,7.4,,91.5,7.9
NRR001,11/27/1989,1155,12.5,30.38,10.92,23.2,,7.4,,91.5,7.9
NRR001,11/27/1989,1155,13,30.38,10.92,23.2,,7.4,,91.6,7.9
NRR001,11/27/1989,1155,13.5,30.38,10.91,23.2,,7.4,,91.6,7.9
NRR001,11/27/1989,1155,14,30.38,10.91,23.2,,7.4,,91.6,7.9
NRR001,11/27/1989,1155,14.5,30.38,10.91,23.2,,7.4,,91.7,7.9
NRR001,11/27/1989,1155,15,30.38,10.92,23.19,,7.4,,91.8,7.9
NRR001,11/27/1989,1155,15.5,30.38,10.91,23.2,,7.5,,91.7,7.9
NRR001,11/27/1989,1155,16.5,30.38,10.91,23.2,,7.5,,91.7,7.9
NRR001,11/27/1989,1155,17,30.38,10.91,23.2,,7.5,,91.7,7.9
NRR001,11/27/1989,1155,17.5,30.38,10.91,23.2,,7.5,,91.8,7.9
NRR001,11/27/1989,1155,18,30.39,10.91,23.21,,7.5,,92.1,7.9
NRR001,11/27/1989,1155,18.5,30.4,10.91,23.21,,7.5,,92.2,7.9
NRR001,11/27/1989,1155,19,30.39,10.91,23.21,,7.5,,92.3,7.9
NRR001,11/27/1989,1155,19.5,30.4,10.91,23.21,,7.4,,92.3,7.9
NRR001,11/27/1989,1155,20,30.4,10.91,23.21,,7.4,,92.2,7.9
NRR001,11/27/1989,1155,20.5,30.4,10.91,23.21,,7.4,,92.3,7.9
NRR001,11/27/1989,1155,21,30.4,10.91,23.21,,7.4,,92.3,7.9
NRR001,11/27/1989,1155,21.5,30.4,10.91,23.21,,7.4,,92.3,7.9
NRR001,11/27/1989,1155,22,30.39,10.91,23.21,,7.4,,92.3,7.9
NRR001,11/27/1989,1155,22.5,30.4,10.91,23.21,,7.5,,92.3,7.9
NRR001,11/27/1989,1155,23,30.39,10.91,23.21,,7.5,,92.2,7.9
NRR001,11/27/1989,1155,23.5,30.39,10.91,23.2,,7.5,,92.4,7.9
NRR001,11/27/1989,1155,24,30.39,10.9,23.21,,7.5,,92.4,7.9
NRR001,11/27/1989,1155,24.5,30.39,10.9,23.21,,7.5,,92.3,7.9
NRR001,11/27/1989,1155,25,30.39,10.91,23.21,,7.5,,92.3,7.9
NRR001,11/27/1989,1155,25.5,30.4,10.91,23.21,,7.5,,92.3,7.9
NRR001,11/27/1989,1155,26,30.4,10.91,23.21,,7.5,,92.2,7.9
NRR001,11/27/1989,1155,26.5,30.4,10.92,23.21,,7.4,,92.2,7.9
NRR001,11/27/1989,1155,27,30.4,10.91,23.21,,7.4,,92.1,7.9
NRR001,11/27/1989,1155,27.5,30.4,10.92,23.21,,7.4,,92.1,7.9
NRR001,11/27/1989,1155,28,30.4,10.91,23.21,,7.4,,92,7.9
NRR001,11/27/1989,1155,28.5,30.4,10.91,23.21,,7.4,,92.1,7.9
NRR001,11/27/1989,1155,29,30.4,10.91,23.21,,7.4,,92.2,7.9
NRR001,11/27/1989,1155,29.5,30.4,10.91,23.21,,7.4,,92.3,7.9
NRR001,11/27/1989,1155,30,30.4,10.91,23.21,,7.4,,92.3,7.9
NRR001,12/18/1989,1450,1,29.73,10.31,22.79,,7.2,,7.1,7.9
NRR001,12/18/1989,1450,2,29.91,10.33,22.93,,7.2,,72.8,7.9
NRR001,12/18/1989,1450,3,29.92,10.31,22.94,,7.2,,87.5,7.9
NRR001,12/18/1989,1450,4,29.92,10.31,22.94,,7.4,,87.6,7.9
NRR001,12/18/1989,1450,5,29.92,10.31,22.94,,7.5,,87.9,7.9
NRR001,12/18/1989,1450,6,29.92,10.31,22.94,,7.5,,88,7.9
NRR001,12/18/1989,1450,7,29.92,10.31,22.94,,7.5,,88.1,7.9
NRR001,12/18/1989,1450,8,29.92,10.31,22.94,,7.5,,88,7.9
NRR001,12/18/1989,1450,9,29.92,10.31,22.94,,7.5,,88,7.9
NRR001,12/18/1989,1450,10,29.93,10.31,22.94,,7.5,,88,7.9
NRR001,12/18/1989,1450,11,29.92,10.31,22.94,,7.5,,87.9,7.9
NRR001,12/18/1989,1450,12,29.92,10.31,22.94,,7.5,,87.8,7.9
NRR001,12/18/1989,1450,13,29.92,10.31,22.94,,7.6,,87.8,7.9
NRR001,12/18/1989,1450,14,29.92,10.31,22.94,,7.6,,87.8,7.9
NRR001,12/18/1989,1450,15,29.92,10.31,22.94,,7.6,,87.7,7.9
NRR001,12/18/1989,1450,16,29.93,10.31,22.94,,7.6,,87.7,7.9
NRR001,12/18/1989,1450,17,29.93,10.31,22.94,,7.6,,87.7,7.9
NRR001,12/18/1989,1450,18,29.93,10.31,22.94,,7.6,,87.6,7.9
NRR001,12/18/1989,1450,19,29.93,10.31,22.94,,7.6,,87.5,7.9
NRR001,12/18/1989,1450,20,29.93,10.31,22.94,,7.5,,87.5,7.9
NRR001,12/18/1989,1450,21,29.93,10.31,22.94,,7.5,,87.6,7.9
NRR001,12/18/1989,1450,22,29.92,10.31,22.94,,7.5,,87.6,7.9
NRR001,12/18/1989,1450,23,29.93,10.31,22.94,,7.5,,87.4,7.9
NRR001,12/18/1989,1450,24,29.93,10.31,22.94,,7.5,,87.6,7.9
NRR001,12/18/1989,1450,25,29.93,10.31,22.94,,7.5,,87.7,7.9
NRR001,12/18/1989,1450,26,29.93,10.31,22.94,,7.5,,87.7,7.9
NRR001,12/18/1989,1450,27,29.93,10.31,22.94,,7.5,,87.6,7.9
NRR001,12/18/1989,1450,28,29.93,10.31,22.94,,7.5,,87.6,7.9
NRR001,12/18/1989,1450,29,29.93,10.31,22.94,,7.5,,87.6,7.9
NRR001,1/29/1990,1235,1,,8.93,,,8.6,,85.4,7.7
NRR001,1/29/1990,1235,2,,8.93,,,8.6,,85,7.7
NRR001,1/29/1990,1235,3,,8.92,,,8.6,,84.8,7.7
NRR001,1/29/1990,1235,4,,8.92,,,8.7,,84.6,7.7
NRR001,1/29/1990,1235,5,,8.92,,,8.7,,84.7,7.7
NRR001,1/29/1990,1235,6,,8.92,,,8.7,,84.8,7.7
NRR001,1/29/1990,1235,7,,8.93,,,8.7,,84.9,7.7
NRR001,1/29/1990,1235,8,,8.92,,,8.7,,84.7,7.7
NRR001,1/29/1990,1235,9,,8.93,,,8.7,,85,7.7
NRR001,1/29/1990,1235,10,,8.93,,,8.7,,84.5,7.7
NRR001,1/29/1990,1235,11,,8.93,,,8.7,,84.2,7.7
NRR001,1/29/1990,1235,12,,8.92,,,8.7,,84.2,7.7
NRR001,1/29/1990,1235,13,,8.93,,,8.8,,84.3,7.7
NRR001,1/29/1990,1235,14,,8.93,,,8.8,,85.1,7.7
NRR001,1/29/1990,1235,15,,8.93,,,8.7,,84.6,7.7
NRR001,1/29/1990,1235,16,,8.93,,,8.7,,84.5,7.7
NRR001,1/29/1990,1235,17,,8.93,,,8.7,,84.5,7.7
NRR001,1/29/1990,1235,18,,8.93,,,8.8,,84.6,7.7
NRR001,1/29/1990,1235,19,,8.93,,,8.7,,84.7,7.7
NRR001,1/29/1990,1235,20,,8.93,,,8.7,,84.7,7.7
NRR001,1/29/1990,1235,21,,8.93,,,8.7,,84.7,7.7
NRR001,1/29/1990,1235,22,,8.93,,,8.7,,84.6,7.7
NRR001,1/29/1990,1235,23,,8.93,,,8.7,,84.7,7.7
NRR001,1/29/1990,1235,24,,8.94,,,8.7,,84.6,7.7
NRR001,1/29/1990,1235,25,,8.94,,,8.7,,84.7,7.7
NRR001,1/29/1990,1235,26,,8.94,,,8.7,,84.8,7.7
NRR001,1/29/1990,1235,27,,8.94,,,8.7,,84.8,7.7
NRR001,1/29/1990,1235,28,,8.94,,,8.7,,84.8,7.7
NRR001,1/29/1990,1235,29,,8.94,,,8.7,,84.9,7.7
NRR001,2/26/1990,1345,1,28.83,8.13,22.42,,9.5,,87.1,7.9
NRR001,2/26/1990,1345,2,28.86,8.12,22.44,,9.5,,87.1,7.9
NRR001,2/26/1990,1345,3,28.86,8.11,22.44,,9.5,,87.2,7.9
NRR001,2/26/1990,1345,4,28.87,8.11,22.45,,9.5,,87.2,7.9
NRR001,2/26/1990,1345,5,28.87,8.12,22.45,,9.6,,87.2,7.9
NRR001,2/26/1990,1345,6,28.87,8.11,22.45,,9.6,,87.2,7.9
NRR001,2/26/1990,1345,7,28.88,8.11,22.46,,9.5,,87.2,7.9
NRR001,2/26/1990,1345,8,28.89,8.11,22.47,,9.5,,87.2,7.9
NRR001,2/26/1990,1345,9,28.93,8.11,22.5,,9.4,,87.2,7.9
NRR001,2/26/1990,1345,10,28.99,8.1,22.55,,9.4,,87.3,7.9
NRR001,2/26/1990,1345,11,29.04,8.1,22.59,,9.5,,87.2,7.9
NRR001,2/26/1990,1345,12,29.05,8.1,22.59,,9.5,,87.2,7.9
NRR001,2/26/1990,1345,13,29.06,8.1,22.6,,9.5,,87.3,7.9
NRR001,2/26/1990,1345,14,29.05,8.1,22.59,,9.5,,87.2,7.9
NRR001,2/26/1990,1345,15,29.05,8.1,22.59,,9.5,,87.3,7.9
NRR001,2/26/1990,1345,16,29.06,8.1,22.6,,9.5,,87.3,7.9
NRR001,2/26/1990,1345,17,29.09,8.1,22.62,,9.5,,87.3,7.9
NRR001,2/26/1990,1345,18,29.09,8.11,22.63,,9.5,,87.2,7.9
NRR001,2/26/1990,1345,19,29.09,8.11,22.62,,9.4,,87.1,7.9
NRR001,2/26/1990,1345,20,29.1,8.11,22.63,,9.4,,87.2,7.9
NRR001,2/26/1990,1345,21,29.09,8.11,22.62,,9.4,,87.2,7.9
NRR001,2/26/1990,1345,22,29.1,8.11,22.63,,9.4,,87.2,7.9
NRR001,2/26/1990,1345,23,29.13,8.11,22.65,,9.4,,87.2,7.9
NRR001,2/26/1990,1345,24,29.19,8.12,22.7,,9.4,,87.2,7.9
NRR001,2/26/1990,1345,25,29.15,8.12,22.67,,9.4,,87.2,7.9
NRR001,2/26/1990,1345,26,29.16,8.12,22.67,,9.3,,87.1,7.9
NRR001,2/26/1990,1345,27,29.17,8.12,22.68,,9.3,,87.1,7.9
NRR001,2/26/1990,1345,28,29.16,8.12,22.68,,9.3,,87.1,7.9
NRR001,2/26/1990,1345,29,29.27,8.13,22.76,,9.3,,87.2,7.9
NRR001,2/26/1990,1345,30,29.29,8.14,22.78,,9.3,,87.2,7.9
NRR001,2/26/1990,1345,31,29.3,8.15,22.78,,9.3,,87.3,7.9
NRR001,4/16/1990,1220,1,29.11,8.95,22.52,,9.6,,88.1,7.9
NRR001,4/16/1990,1220,2,28.99,8.96,22.42,,9.2,,87.3,8
NRR001,4/16/1990,1220,3,28.98,8.94,22.42,,9.4,,87.6,8
NRR001,4/16/1990,1220,4,28.97,8.93,22.42,,9.7,,87.7,8
NRR001,4/16/1990,1220,5,28.97,8.92,22.41,,9.9,,87.4,8
NRR001,4/16/1990,1220,6,28.97,8.91,22.41,,10,,87.7,8
NRR001,4/16/1990,1220,7,28.98,8.89,22.43,,10,,87.8,8
NRR001,4/16/1990,1220,8,29,8.88,22.44,,10,,88,8
NRR001,4/16/1990,1220,9,29,8.88,22.44,,9.9,,88,8
NRR001,4/16/1990,1220,10,29,8.88,22.44,,10,,87.8,8
NRR001,4/16/1990,1220,11,28.99,8.89,22.43,,10,,87.9,8
NRR001,4/16/1990,1220,12,28.98,8.91,22.43,,10,,88.1,8
NRR001,4/16/1990,1220,13,28.99,8.9,22.43,,9.9,,88.1,8
NRR001,4/16/1990,1220,14,28.99,8.89,22.43,,9.9,,88,8
NRR001,4/16/1990,1220,15,28.99,8.88,22.43,,10,,88,8
NRR001,4/16/1990,1220,16,29,8.88,22.44,,9.9,,88.4,8
NRR001,4/16/1990,1220,17,29.01,8.86,22.45,,9.9,,88.2,8
NRR001,4/16/1990,1220,18,29,8.87,22.44,,9.9,,88.1,8
NRR001,4/16/1990,1220,19,28.99,8.87,22.44,,9.9,,88.1,8
NRR001,4/16/1990,1220,20,29,8.87,22.44,,9.9,,88.1,8
NRR001,4/16/1990,1220,21,29,8.86,22.45,,9.8,,88.2,8
NRR001,4/16/1990,1220,22,29,8.86,22.45,,9.8,,88.1,8
NRR001,4/16/1990,1220,23,29,8.86,22.45,,9.8,,88.1,8
NRR001,4/16/1990,1220,24,28.99,8.87,22.44,,9.8,,87.9,8
NRR001,4/16/1990,1220,25,28.99,8.87,22.44,,9.8,,88,8
NRR001,4/16/1990,1220,26,28.99,8.87,22.44,,9.8,,87.9,8
NRR001,4/16/1990,1220,27,28.99,8.87,22.44,,9.8,,87.9,8
NRR001,4/16/1990,1220,28,29,8.86,22.44,,9.8,,88.1,8
NRR001,4/16/1990,1220,29,29,8.86,22.44,,9.8,,88.4,8
NRR001,4/16/1990,1220,30,28.99,8.86,22.44,,9.8,,88.1,8
NRR001,4/16/1990,1220,31,29,8.86,22.44,,9.8,,87.9,8
NRR001,5/21/1990,1330,1,29.78,9.03,23.03,,7.5,,92.1,8
NRR001,5/21/1990,1330,2,29.78,9.03,23.03,,7.4,,91.5,8
NRR001,5/21/1990,1330,3,29.79,9.02,23.04,,7.5,,92,8
NRR001,5/21/1990,1330,4,29.79,9.03,23.04,,7.5,,92.1,8
NRR001,5/21/1990,1330,5,29.79,9.03,23.04,,7.6,,91.9,8
NRR001,5/21/1990,1330,6,29.79,9.03,23.04,,7.7,,92,8
NRR001,5/21/1990,1330,7,29.8,9.02,23.04,,7.7,,92.1,8
NRR001,5/21/1990,1330,8,29.81,9,23.06,,7.7,,92.2,8
NRR001,5/21/1990,1330,9,29.81,9,23.05,,7.6,,91.9,8
NRR001,5/21/1990,1330,10,29.82,8.98,23.07,,7.7,,91.8,8
NRR001,5/21/1990,1330,11,29.82,8.99,23.07,,7.7,,92,8
NRR001,5/21/1990,1330,12,29.82,8.98,23.07,,7.7,,91.7,8
NRR001,5/21/1990,1330,13,29.83,8.98,23.07,,7.7,,92,8
NRR001,5/21/1990,1330,14,29.82,8.98,23.07,,7.6,,91.9,8
NRR001,5/21/1990,1330,15,29.8,9,23.05,,7.6,,91.9,8
NRR001,5/21/1990,1330,16,29.8,9.01,23.05,,7.7,,92.1,8
NRR001,5/21/1990,1330,17,29.79,9.02,23.04,,7.7,,91.9,8
NRR001,5/21/1990,1330,18,29.79,9.03,23.04,,7.7,,92.1,8
NRR001,5/21/1990,1330,19,29.79,9.03,23.04,,7.7,,92.4,8
NRR001,5/21/1990,1330,20,29.78,9.04,23.03,,7.7,,92.2,8
NRR001,5/21/1990,1330,21,29.79,9.03,23.03,,7.7,,92.1,8
NRR001,5/21/1990,1330,22,29.79,9.03,23.04,,7.7,,92.1,8
NRR001,5/21/1990,1330,23,29.79,9.03,23.04,,7.7,,92,8
NRR001,5/21/1990,1330,24,29.79,9.04,23.03,,7.7,,92.1,8
NRR001,5/21/1990,1330,25,29.79,9.04,23.03,,7.7,,92,8
NRR001,5/21/1990,1330,26,29.79,9.03,23.04,,7.7,,92.1,8
NRR001,5/21/1990,1330,27,29.79,9.03,23.04,,7.7,,92,8
NRR001,5/21/1990,1330,28,29.8,9.02,23.05,,7.7,,92.1,8
NRR001,5/21/1990,1330,29,29.8,9.02,23.04,,7.7,,91.9,8
NRR001,5/21/1990,1330,30,29.79,9.03,23.04,,7.7,,92.2,8
NRR001,5/21/1990,1330,31,29.8,9.02,23.04,,7.7,,92,8
NRR001,5/21/1990,1330,32,29.8,9.02,23.04,,7.7,,92.1,8
NRR001,6/19/1990,1250,1,29.92,9.98,22.99,,6.5,,92.3,7.8
NRR001,6/19/1990,1250,2,29.87,9.93,22.96,,6.7,,92.2,7.8
NRR001,6/19/1990,1250,3,29.87,9.92,22.96,,6.9,,92.2,7.8
NRR001,6/19/1990,1250,4,29.87,9.92,22.96,,7,,92.2,7.8
NRR001,6/19/1990,1250,5,29.87,9.92,22.96,,6.9,,92.1,7.8
NRR001,6/19/1990,1250,6,29.87,9.92,22.96,,6.9,,92.2,7.8
NRR001,6/19/1990,1250,7,29.87,9.92,22.96,,6.9,,92.1,7.8
NRR001,6/19/1990,1250,8,29.87,9.92,22.96,,6.9,,92.1,7.8
NRR001,6/19/1990,1250,9,29.87,9.92,22.96,,6.9,,92,7.8
NRR001,6/19/1990,1250,10,29.87,9.91,22.97,,6.9,,92.1,7.9
NRR001,6/19/1990,1250,11,29.88,9.91,22.97,,6.9,,91.9,7.8
NRR001,6/19/1990,1250,12,29.88,9.91,22.97,,6.9,,92,7.8
NRR001,6/19/1990,1250,13,29.89,9.9,22.98,,6.9,,92.2,7.8
NRR001,6/19/1990,1250,14,29.89,9.89,22.98,,6.9,,92.1,7.8
NRR001,6/19/1990,1250,15,29.89,9.89,22.98,,6.9,,92.2,7.8
NRR001,6/19/1990,1250,16,29.89,9.89,22.98,,6.9,,92.1,7.8
NRR001,6/19/1990,1250,17,29.89,9.89,22.99,,6.9,,92.3,7.8
NRR001,6/19/1990,1250,18,29.9,9.89,22.99,,6.9,,92.1,7.8
NRR001,6/19/1990,1250,19,29.9,9.89,22.99,,6.9,,92.1,7.8
NRR001,6/19/1990,1250,20,29.89,9.89,22.99,,6.9,,92.2,7.8
NRR001,6/19/1990,1250,21,29.89,9.89,22.99,,6.9,,92.2,7.9
NRR001,6/19/1990,1250,22,29.89,9.89,22.98,,7,,92.4,7.8
NRR001,6/19/1990,1250,23,29.89,9.89,22.98,,6.6,,92.2,7.8
NRR001,6/19/1990,1250,24,29.89,9.89,22.98,,6.8,,92.3,7.9
NRR001,6/19/1990,1250,25,29.89,9.89,22.99,,6.8,,92.3,7.9
NRR001,6/19/1990,1250,26,29.89,9.89,22.99,,6.9,,92.3,7.8
NRR001,6/19/1990,1250,27,29.89,9.89,22.98,,6.8,,92.2,7.8
NRR001,6/19/1990,1250,28,29.89,9.9,22.98,,6.8,,92,7.8
NRR001,6/19/1990,1250,29,29.89,9.89,22.98,,6.9,,92.1,7.9
NRR001,6/19/1990,1250,30,29.89,9.9,22.98,,6.9,,92.1,7.8
NRR001,6/19/1990,1250,31,29.89,9.9,22.98,,6.9,,91.8,7.9
NRR001,6/19/1990,1250,32,29.89,9.9,22.98,,6.9,,92,7.8
NRR001,7/31/1990,1350,0.5,29.77,11.68,22.58,,,,42.9,
NRR001,7/31/1990,1350,1,29.78,11.65,22.61,,,,80.6,
NRR001,7/31/1990,1350,1.5,29.78,11.61,22.61,,,,90,
NRR001,7/31/1990,1350,2,29.8,11.57,22.63,,,,90.3,
NRR001,7/31/1990,1350,2.5,29.81,11.53,22.64,,,,90.3,
NRR001,7/31/1990,1350,3,29.82,11.49,22.66,,,,90.2,
NRR001,7/31/1990,1350,3.5,29.84,11.46,22.68,,,,90.3,
NRR001,7/31/1990,1350,4,29.85,11.46,22.69,,,,90.3,
NRR001,7/31/1990,1350,4.5,29.84,11.45,22.68,,,,90.3,
NRR001,7/31/1990,1350,5,29.85,11.44,22.69,,,,90.3,
NRR001,7/31/1990,1350,5.5,29.85,11.44,22.69,,,,90.4,
NRR001,7/31/1990,1350,6,29.84,11.44,22.69,,,,90.3,
NRR001,7/31/1990,1350,6.5,29.85,11.43,22.69,,,,90.3,
NRR001,7/31/1990,1350,7.5,29.83,11.43,22.68,,,,90.3,
NRR001,7/31/1990,1350,8,29.84,11.42,22.69,,,,90.2,
NRR001,7/31/1990,1350,8.5,29.85,11.38,22.7,,,,90.2,
NRR001,7/31/1990,1350,9,29.86,11.35,22.72,,,,90.2,
NRR001,7/31/1990,1350,9.5,29.88,11.32,22.74,,,,90.3,
NRR001,7/31/1990,1350,10,29.85,11.33,22.71,,,,90.1,
NRR001,7/31/1990,1350,10.5,29.88,11.31,22.74,,,,90.2,
NRR001,7/31/1990,1350,11,29.89,11.29,22.75,,,,90.1,
NRR001,7/31/1990,1350,11.5,29.89,11.29,22.75,,,,90.2,
NRR001,7/31/1990,1350,12,29.89,11.29,22.75,,,,90.2,
NRR001,7/31/1990,1350,12.5,29.89,11.29,22.75,,,,90.2,
NRR001,7/31/1990,1350,13,29.89,11.29,22.75,,,,90.3,
NRR001,7/31/1990,1350,13.5,29.89,11.29,22.75,,,,90.3,
NRR001,7/31/1990,1350,14,29.89,11.29,22.75,,,,90.2,
NRR001,7/31/1990,1350,14.5,29.89,11.29,22.75,,,,90.2,
NRR001,7/31/1990,1350,15,29.89,11.29,22.75,,,,90.3,
NRR001,7/31/1990,1350,15.5,29.89,11.29,22.75,,,,90.2,
NRR001,7/31/1990,1350,16,29.89,11.29,22.75,,,,90.4,
NRR001,7/31/1990,1350,16.5,29.89,11.3,22.75,,,,90.2,
NRR001,7/31/1990,1350,17,29.89,11.3,22.75,,,,90.3,
NRR001,7/31/1990,1350,17.5,29.89,11.3,22.75,,,,90.3,
NRR001,7/31/1990,1350,18,29.88,11.3,22.74,,,,90.1,
NRR001,7/31/1990,1350,18.5,29.89,11.3,22.75,,,,90.3,
NRR001,7/31/1990,1350,19,29.88,11.3,22.74,,,,90.3,
NRR001,7/31/1990,1350,19.5,29.89,11.3,22.75,,,,90.4,
NRR001,7/31/1990,1350,20,29.88,11.3,22.74,,,,90.2,
NRR001,7/31/1990,1350,20.5,29.88,11.3,22.74,,,,90.3,
NRR001,7/31/1990,1350,21,29.89,11.3,22.75,,,,90.2,
NRR001,7/31/1990,1350,21.5,29.88,11.3,22.74,,,,90.2,
NRR001,7/31/1990,1350,22,29.88,11.3,22.74,,,,90.3,
NRR001,7/31/1990,1350,22.5,29.88,11.3,22.74,,,,90.3,
NRR001,7/31/1990,1350,23,29.88,11.3,22.74,,,,90.4,
NRR001,7/31/1990,1350,23.5,29.89,11.3,22.75,,,,90.3,
NRR001,7/31/1990,1350,24,29.88,11.3,22.74,,,,90.3,
NRR001,7/31/1990,1350,24.5,29.89,11.3,22.75,,,,90.3,
NRR001,7/31/1990,1350,25,29.89,11.3,22.75,,,,90.3,
NRR001,7/31/1990,1350,25.5,29.88,11.3,22.74,,,,90.3,
NRR001,7/31/1990,1350,26,29.89,11.3,22.75,,,,90,
NRR001,7/31/1990,1350,26.5,29.88,11.3,22.74,,,,90.4,
NRR001,7/31/1990,1350,27,29.89,11.3,22.75,,,,90.2,
NRR001,7/31/1990,1350,27.5,29.88,11.3,22.74,,,,90.2,
NRR001,7/31/1990,1350,28,29.88,11.3,22.74,,,,90.3,
NRR001,7/31/1990,1350,28.5,29.88,11.3,22.74,,,,90.3,
NRR001,7/31/1990,1350,29,29.89,11.3,22.75,,,,90.4,
NRR001,7/31/1990,1350,29.5,29.89,11.3,22.74,,,,90.4,
NRR001,7/31/1990,1350,30,29.88,11.3,22.74,,,,90.3,
NRR001,7/31/1990,1350,30.5,29.88,11.3,22.74,,,,90.2,
NRR001,7/31/1990,1350,31,29.88,11.3,22.74,,,,90.3,
NRR001,7/31/1990,1350,31.5,29.88,11.3,22.74,,,,90.2,
NRR001,7/31/1990,1350,32,29.89,11.3,22.75,,,,90.3,
NRR001,7/31/1990,1350,32.5,29.88,11.3,22.74,,,,90.4,
NRR001,8/27/1990,1400,0.5,29.73,13.18,22.28,,8.1,,92.4,8
NRR001,8/27/1990,1400,1,29.74,13.15,22.29,,7.9,,92.5,8
NRR001,8/27/1990,1400,1.5,29.76,12.98,22.34,,8.1,,92,8
NRR001,8/27/1990,1400,2,29.82,12.9,22.4,,8.1,,92.2,8
NRR001,8/27/1990,1400,2.5,29.82,12.87,22.41,,7.9,,92.2,8
NRR001,8/27/1990,1400,3,29.87,12.78,22.47,,7.8,,92.4,8
NRR001,8/27/1990,1400,3.5,29.9,12.73,22.5,,7.9,,92.4,8
NRR001,8/27/1990,1400,4,29.9,12.72,22.5,,7.8,,92.2,8
NRR001,8/27/1990,1400,4.5,29.93,12.66,22.53,,7.5,,92.5,8
NRR001,8/27/1990,1400,5,29.94,12.61,22.55,,7.4,,92.4,8
NRR001,8/27/1990,1400,5.5,29.97,12.55,22.58,,7.3,,92.6,8
NRR001,8/27/1990,1400,6,29.98,12.5,22.6,,7.3,,92.6,8
NRR001,8/27/1990,1400,6.5,30.01,12.43,22.64,,7.1,,92.7,7.9
NRR001,8/27/1990,1400,7,30.02,12.41,22.65,,7.1,,92.8,7.9
NRR001,8/27/1990,1400,7.5,30.02,12.41,22.65,,7,,92.8,7.9
NRR001,8/27/1990,1400,8,30.02,12.4,22.65,,6.9,,92.7,7.9
NRR001,8/27/1990,1400,8.5,30.02,12.39,22.66,,6.8,,92.7,7.9
NRR001,8/27/1990,1400,9,30.03,12.39,22.66,,6.8,,92.7,7.9
NRR001,8/27/1990,1400,9.5,30.04,12.36,22.67,,6.9,,92.5,7.9
NRR001,8/27/1990,1400,10,30.06,12.33,22.69,,6.7,,92.4,7.9
NRR001,8/27/1990,1400,10.5,30.06,12.34,22.69,,6.8,,92.6,7.9
NRR001,8/27/1990,1400,11,30.04,12.36,22.67,,6.7,,92.6,7.9
NRR001,8/27/1990,1400,11.5,30.03,12.38,22.67,,6.6,,92.6,7.9
NRR001,8/27/1990,1400,12,30.03,12.38,22.66,,6.7,,92.7,7.9
NRR001,8/27/1990,1400,12.5,30.04,12.36,22.68,,6.7,,92.5,7.9
NRR001,8/27/1990,1400,13,30.05,12.34,22.69,,6.7,,92.4,7.9
NRR001,8/27/1990,1400,13.5,30.06,12.33,22.69,,6.7,,92.3,7.9
NRR001,8/27/1990,1400,14,30.06,12.33,22.69,,6.7,,92.4,7.9
NRR001,8/27/1990,1400,14.5,30.06,12.33,22.69,,6.6,,92.4,7.9
NRR001,8/27/1990,1400,15,30.05,12.32,22.69,,6.7,,92.2,7.9
NRR001,8/27/1990,1400,15.5,30.07,12.3,22.71,,6.7,,92.1,7.9
NRR001,8/27/1990,1400,16,30.07,12.3,22.71,,6.6,,92.3,7.9
NRR001,8/27/1990,1400,16.5,30.07,12.3,22.71,,6.7,,92.2,7.9
NRR001,8/27/1990,1400,17,30.07,12.29,22.71,,6.6,,92.3,7.9
NRR001,8/27/1990,1400,17.5,30.07,12.29,22.71,,6.5,,92.3,7.9
NRR001,8/27/1990,1400,18,30.07,12.29,22.71,,6.6,,92.3,7.9
NRR001,8/27/1990,1400,18.5,30.07,12.28,22.71,,6.6,,92.3,7.9
NRR001,8/27/1990,1400,19,30.08,12.26,22.72,,6.6,,92.3,7.9
NRR001,8/27/1990,1400,19.5,30.08,12.26,22.73,,6.5,,92.2,7.9
NRR001,8/27/1990,1400,20,30.07,12.26,22.71,,6.5,,92.3,7.9
NRR001,8/27/1990,1400,20.5,30.09,12.22,22.74,,6.6,,92.4,7.9
NRR001,8/27/1990,1400,21,30.1,12.21,22.75,,6.5,,92.3,7.9
NRR001,8/27/1990,1400,21.5,30.1,12.21,22.75,,6.5,,92.3,7.9
NRR001,8/27/1990,1400,22,30.1,12.21,22.75,,6.4,,92.3,7.9
NRR001,8/27/1990,1400,22.5,30.1,12.21,22.75,,6.5,,92.3,7.9
NRR001,8/27/1990,1400,23,30.1,12.21,22.75,,6.4,,92.2,7.9
NRR001,8/27/1990,1400,23.5,30.1,12.21,22.75,,6.4,,92.2,7.9
NRR001,8/27/1990,1400,24,30.1,12.21,22.75,,6.4,,92.3,7.9
NRR001,8/27/1990,1400,24.5,30.1,12.21,22.75,,6.4,,92.3,7.9
NRR001,8/27/1990,1400,25,30.11,12.21,22.75,,6.4,,92.3,7.9
NRR001,8/27/1990,1400,25.5,30.11,12.21,22.75,,6.4,,92.3,7.9
NRR001,8/27/1990,1400,26,30.11,12.2,22.76,,6.4,,92.2,7.9
NRR001,8/27/1990,1400,26.5,30.12,12.19,22.76,,6.4,,92.1,7.9
NRR001,8/27/1990,1400,27,30.12,12.19,22.77,,6.4,,92.1,7.9
NRR001,8/27/1990,1400,27.5,30.12,12.18,22.77,,6.4,,92.1,7.9
NRR001,8/27/1990,1400,28,30.11,12.19,22.76,,6.4,,92,7.9
NRR001,12/11/1990,1200,0.5,29.62,10.63,22.66,,7.1,,86.9,7.9
NRR001,12/11/1990,1200,1,29.62,10.63,22.65,,7.1,,87,7.9
NRR001,12/11/1990,1200,1.5,29.62,10.63,22.65,,7,,86.7,7.9
NRR001,12/11/1990,1200,2,29.63,10.64,22.66,,6.9,,86.7,7.9
NRR001,12/11/1990,1200,2.5,29.62,10.63,22.65,,7,,86.8,7.9
NRR001,12/11/1990,1200,3,29.62,10.63,22.65,,7,,86.8,7.9
NRR001,12/11/1990,1200,3.5,29.62,10.63,22.65,,6.9,,86.9,7.9
NRR001,12/11/1990,1200,4,29.62,10.63,22.65,,6.9,,87,7.9
NRR001,12/11/1990,1200,4.5,29.62,10.63,22.65,,6.9,,87,7.9
NRR001,12/11/1990,1200,5,29.62,10.63,22.66,,6.9,,86.9,7.9
NRR001,12/11/1990,1200,5.5,29.63,10.63,22.66,,7,,86.7,7.9
NRR001,12/11/1990,1200,6,29.63,10.64,22.66,,7,,86.7,7.9
NRR001,12/11/1990,1200,6.5,29.63,10.64,22.66,,7,,86.7,7.9
NRR001,12/11/1990,1200,7,29.63,10.64,22.66,,7,,86.7,7.9
NRR001,12/11/1990,1200,7.5,29.62,10.64,22.65,,7,,86.7,7.9
NRR001,12/11/1990,1200,8,29.63,10.64,22.66,,6.9,,86.6,7.9
NRR001,12/11/1990,1200,8.5,29.65,10.64,22.68,,6.9,,86.4,7.9
NRR001,12/11/1990,1200,9,29.64,10.65,22.67,,6.9,,86.3,7.9
NRR001,12/11/1990,1200,9.5,29.65,10.65,22.67,,7,,86.4,7.9
NRR001,12/11/1990,1200,10,29.64,10.65,22.67,,7,,86.2,7.9
NRR001,12/11/1990,1200,10.5,29.64,10.64,22.67,,7,,86.5,7.9
NRR001,12/11/1990,1200,11,29.65,10.65,22.67,,6.9,,86.4,7.9
NRR001,12/11/1990,1200,11.5,29.65,10.65,22.67,,6.8,,86.2,7.9
NRR001,12/11/1990,1200,12,29.67,10.66,22.69,,6.9,,86.3,7.9
NRR001,12/11/1990,1200,12.5,29.69,10.67,22.7,,7,,85.9,7.9
NRR001,12/11/1990,1200,13,29.68,10.67,22.69,,7,,85.8,7.9
NRR001,12/11/1990,1200,13.5,29.68,10.67,22.69,,7,,85.7,7.9
NRR001,12/11/1990,1200,14,29.67,10.67,22.68,,7,,85.8,7.9
NRR001,12/11/1990,1200,14.5,29.67,10.66,22.69,,6.9,,85.9,7.9
NRR001,12/11/1990,1200,15,29.68,10.67,22.69,,6.9,,85.7,7.9
NRR001,12/11/1990,1200,15.5,29.67,10.67,22.69,,6.9,,85.8,7.9
NRR001,12/11/1990,1200,16,29.68,10.67,22.69,,6.9,,85.7,7.9
NRR001,12/11/1990,1200,16.5,29.68,10.67,22.69,,6.9,,85.7,7.9
NRR001,12/11/1990,1200,17,29.68,10.67,22.7,,6.9,,85.7,7.9
NRR001,12/11/1990,1200,17.5,29.69,10.67,22.7,,6.9,,85.5,7.9
NRR001,12/11/1990,1200,18,29.69,10.68,22.7,,6.8,,85.5,7.9
NRR001,12/11/1990,1200,18.5,29.7,10.68,22.71,,6.8,,85.4,7.9
NRR001,12/11/1990,1200,19,29.71,10.69,22.71,,6.8,,85.3,7.9
NRR001,12/11/1990,1200,19.5,29.71,10.69,22.71,,6.8,,85.2,7.9
NRR001,12/11/1990,1200,20,29.71,10.69,22.71,,6.7,,85.3,7.9
NRR001,12/11/1990,1200,20.5,29.71,10.69,22.71,,6.8,,85.1,7.9
NRR001,12/11/1990,1200,21,29.73,10.69,22.73,,6.7,,85,7.9
NRR001,12/11/1990,1200,21.5,29.71,10.7,22.71,,6.7,,85.1,7.9
NRR001,12/11/1990,1200,22,29.72,10.69,22.72,,6.8,,85.3,7.9
NRR001,12/11/1990,1200,22.5,29.71,10.69,22.71,,6.8,,85.1,7.9
NRR001,12/11/1990,1200,23,29.71,10.69,22.71,,6.8,,85.1,7.9
NRR001,12/11/1990,1200,23.5,29.73,10.69,22.72,,6.7,,85,7.9
NRR001,12/11/1990,1200,24,29.71,10.69,22.71,,6.8,,85.2,7.9
NRR001,12/11/1990,1200,24.5,29.71,10.69,22.71,,6.9,,85.3,7.9
NRR001,12/11/1990,1200,25,29.7,10.69,22.71,,6.8,,85.5,7.9
NRR001,12/11/1990,1200,25.5,29.7,10.68,22.7,,6.8,,85.4,7.9
NRR001,12/11/1990,1200,26,29.71,10.68,22.71,,6.7,,85.5,7.9
NRR001,12/11/1990,1200,26.5,29.7,10.69,22.71,,6.8,,85.3,7.9
NRR001,12/11/1990,1200,27,29.72,10.69,22.72,,6.8,,85.4,7.9
NRR001,12/11/1990,1200,27.5,29.76,10.71,22.75,,6.8,,85,7.9
NRR001,12/11/1990,1200,28,29.76,10.72,22.75,,6.7,,84.9,7.9
NRR001,12/11/1990,1200,28.5,29.76,10.72,22.74,,6.8,,84.9,7.9
NRR001,12/11/1990,1200,29,29.76,10.72,22.75,,6.8,,84.8,7.9
NRR001,12/11/1990,1200,29.5,29.76,10.72,22.75,,6.8,,84.9,7.9
NRR001,12/11/1990,1200,30,29.76,10.72,22.75,,6.7,,84.9,7.9
NRR001,12/11/1990,1200,30.5,29.77,10.73,22.75,,6.7,,84.5,7.9
NRR001,12/11/1990,1200,31,29.81,10.73,22.78,,6.7,,84,7.9
NRR001,12/11/1990,1200,31.5,29.82,10.74,22.79,,6.7,,83.6,7.9
NRR001,12/11/1990,1200,32,29.82,10.75,22.79,,6.8,,83.6,7.9
NRR001,12/11/1990,1200,32.5,29.81,10.75,22.78,,6.8,,83.7,7.9
NRR001,12/11/1990,1200,33,29.8,10.75,22.78,,6.7,,83.7,7.9
NRR001,2/5/1991,1500,0.5,28.5,8.02,22.17,,8.7,,85.9,8
NRR001,2/5/1991,1500,1,28.45,8.03,22.13,,8.5,,85.7,8
NRR001,2/5/1991,1500,1.5,28.47,8.03,22.14,,8.6,,85.9,8
NRR001,2/5/1991,1500,2,28.51,8.02,22.18,,8.6,,86.1,8
NRR001,2/5/1991,1500,2.5,28.62,8.02,22.27,,8.7,,86.4,8
NRR001,2/5/1991,1500,3,28.61,8.02,22.26,,8.6,,86.2,8
NRR001,2/5/1991,1500,3.5,28.61,8.02,22.25,,8.6,,86.2,8
NRR001,2/5/1991,1500,4,28.59,8.02,22.24,,8.5,,86.3,8
NRR001,2/5/1991,1500,4.5,28.61,8.02,22.26,,8.6,,86.4,8
NRR001,2/5/1991,1500,5,28.6,8.02,22.25,,8.6,,86.4,8
NRR001,2/5/1991,1500,5.5,28.59,8.02,22.25,,8.6,,86.4,8
NRR001,2/5/1991,1500,6,28.61,8.02,22.26,,8.6,,86.4,8
NRR001,2/5/1991,1500,6.5,28.62,8.02,22.27,,8.5,,86.4,8
NRR001,2/5/1991,1500,7,28.63,8.01,22.27,,8.5,,86.4,8
NRR001,2/5/1991,1500,7.5,28.63,8.01,22.27,,8.6,,86.4,8
NRR001,2/5/1991,1500,8,28.63,8.01,22.28,,8.5,,86.5,8
NRR001,2/5/1991,1500,8.5,28.63,8.01,22.28,,8.6,,86.5,8
NRR001,2/5/1991,1500,9,28.64,8.01,22.28,,8.5,,86.5,8
NRR001,2/5/1991,1500,9.5,28.64,8.01,22.28,,8.5,,86.4,8
NRR001,2/5/1991,1500,10,28.67,8.01,22.3,,8.6,,86.5,8
NRR001,2/5/1991,1500,10.5,28.65,8.01,22.29,,8.5,,86.6,8
NRR001,2/5/1991,1500,11,28.65,8.01,22.29,,8.5,,86.5,8
NRR001,2/5/1991,1500,11.5,28.65,8.01,22.29,,8.6,,86.5,8
NRR001,2/5/1991,1500,12,28.66,8.01,22.29,,8.6,,86.5,8
NRR001,2/5/1991,1500,12.5,28.66,8.01,22.3,,8.5,,86.6,8
NRR001,2/5/1991,1500,13,28.67,8.01,22.3,,8.5,,86.6,8
NRR001,2/5/1991,1500,13.5,28.67,8.01,22.3,,8.5,,86.6,8
NRR001,2/5/1991,1500,14,28.67,8.01,22.3,,8.6,,86.6,8
NRR001,2/5/1991,1500,14.5,28.67,8.01,22.3,,8.5,,86.6,8
NRR001,2/5/1991,1500,15,28.67,8.01,22.3,,8.6,,86.6,8
NRR001,2/5/1991,1500,15.5,28.67,8.01,22.3,,8.5,,86.6,8
NRR001,2/5/1991,1500,16,28.67,8.01,22.31,,8.6,,86.6,8
NRR001,2/5/1991,1500,16.5,28.66,8.01,22.3,,8.5,,86.6,8
NRR001,2/5/1991,1500,17,28.66,8.01,22.3,,8.5,,86.6,8
NRR001,2/5/1991,1500,17.5,28.66,8.01,22.3,,8.5,,86.6,8
NRR001,2/5/1991,1500,18,28.66,8.01,22.3,,8.5,,86.6,8
NRR001,2/5/1991,1500,18.5,28.66,8.01,22.3,,8.7,,86.5,8
NRR001,2/5/1991,1500,19,28.66,8.01,22.3,,8.6,,86.5,8
NRR001,2/5/1991,1500,19.5,28.66,8.01,22.3,,8.6,,86.6,8
NRR001,2/5/1991,1500,20,28.66,8.01,22.3,,8.5,,86.6,8
NRR001,2/5/1991,1500,20.5,28.66,8.01,22.3,,8.5,,86.5,8
NRR001,2/5/1991,1500,21,28.67,8.01,22.3,,8.5,,86.6,8
NRR001,2/5/1991,1500,21.5,28.67,8.01,22.3,,8.5,,86.6,8
NRR001,2/5/1991,1500,22,28.66,8.01,22.3,,8.5,,86.5,8
NRR001,2/5/1991,1500,22.5,28.68,8.01,22.31,,8.5,,86.5,8
NRR001,2/5/1991,1500,23,28.67,8.01,22.31,,8.6,,86.5,8
NRR001,2/5/1991,1500,23.5,28.67,8.01,22.31,,8.5,,86.6,8
NRR001,2/5/1991,1500,24,28.68,8.01,22.31,,8.5,,86.5,8
NRR001,2/5/1991,1500,24.5,28.68,8.01,22.31,,8.5,,86.6,8
NRR001,2/5/1991,1500,25,28.68,8.01,22.31,,8.5,,86.5,8
NRR001,3/4/1991,1615,0.5,29.13,7.86,22.69,,8.2,,85.6,8.1
NRR001,3/4/1991,1615,1,29.14,7.86,22.69,,8.1,,85.5,8.1
NRR001,3/4/1991,1615,1.5,29.16,7.85,22.71,,8.2,,85.4,8.1
NRR001,3/4/1991,1615,2,29.16,7.85,22.71,,8.2,,85.5,8
NRR001,3/4/1991,1615,2.5,29.16,7.85,22.71,,8.2,,85.5,8
NRR001,3/4/1991,1615,3,29.15,7.85,22.7,,8.2,,86.8,8.1
NRR001,3/4/1991,1615,3.5,29.15,7.85,22.7,,8.2,,87,8.1
NRR001,3/4/1991,1615,4,29.14,7.86,22.69,,8.2,,87.1,8
NRR001,3/4/1991,1615,4.5,29.12,7.86,22.68,,8.3,,87.2,8.1
NRR001,3/4/1991,1615,5,29.12,7.86,22.68,,8.2,,87.2,8.1
NRR001,3/4/1991,1615,5.5,29.11,7.86,22.67,,8.2,,87.2,8.1
NRR001,3/4/1991,1615,6,29.11,7.86,22.67,,8.3,,87.3,8.1
NRR001,3/4/1991,1615,6.5,29.11,7.86,22.67,,8.2,,87.3,8.1
NRR001,3/4/1991,1615,7,29.12,7.86,22.68,,8.2,,87.3,8.1
NRR001,3/4/1991,1615,7.5,29.13,7.86,22.69,,8.2,,87.3,8.1
NRR001,3/4/1991,1615,8,29.13,7.86,22.69,,8.2,,87.2,8.1
NRR001,3/4/1991,1615,8.5,29.13,7.86,22.69,,8.3,,87.1,8.1
NRR001,3/4/1991,1615,9,29.13,7.86,22.69,,8.3,,87.2,8.1
NRR001,3/4/1991,1615,9.5,29.12,7.86,22.68,,8.2,,87.1,8.1
NRR001,3/4/1991,1615,10,29.12,7.86,22.68,,8.2,,87.3,8.1
NRR001,3/4/1991,1615,10.5,29.12,7.86,22.68,,8.2,,87.3,8.1
NRR001,3/4/1991,1615,11,29.13,7.86,22.68,,8.2,,87.3,8.1
NRR001,3/4/1991,1615,11.5,29.15,7.86,22.7,,8.2,,87.2,8.1
NRR001,3/4/1991,1615,12,29.15,7.86,22.7,,8.2,,87.1,8.1
NRR001,3/4/1991,1615,12.5,29.17,7.86,22.72,,8.2,,87.2,8.1
NRR001,3/4/1991,1615,13,29.18,7.85,22.73,,8.2,,87,8.1
NRR001,3/4/1991,1615,13.5,29.18,7.85,22.72,,8.1,,86.9,8.1
NRR001,3/4/1991,1615,14,29.18,7.85,22.73,,8.1,,86.8,8.1
NRR001,3/4/1991,1615,14.5,29.19,7.85,22.73,,8,,86.9,8.1
NRR001,3/4/1991,1615,15,29.19,7.85,22.74,,8.1,,86.7,8.1
NRR001,3/4/1991,1615,15.5,29.21,7.85,22.75,,8.1,,86.8,8.1
NRR001,3/4/1991,1615,16,29.21,7.85,22.75,,8.1,,86.8,8.1
NRR001,3/4/1991,1615,16.5,29.21,7.85,22.75,,8.1,,86.8,8.1
NRR001,3/4/1991,1615,17,29.21,7.85,22.75,,8.2,,86.9,8.1
NRR001,3/4/1991,1615,17.5,29.21,7.85,22.75,,8.2,,86.8,8.1
NRR001,3/4/1991,1615,18,29.21,7.85,22.75,,8.1,,86.8,8.1
NRR001,3/4/1991,1615,18.5,29.22,7.85,22.76,,8,,86.9,8.1
NRR001,3/4/1991,1615,19,29.22,7.85,22.76,,8,,86.8,8.1
NRR001,3/4/1991,1615,19.5,29.22,7.85,22.76,,8,,86.8,8.1
NRR001,3/4/1991,1615,20,29.21,7.85,22.75,,8.1,,86.7,8.1
NRR001,3/4/1991,1615,20.5,29.22,7.85,22.76,,8,,86.8,8.1
NRR001,3/4/1991,1615,21,29.21,7.85,22.75,,8.1,,86.8,8.1
NRR001,3/4/1991,1615,21.5,29.2,7.85,22.75,,8,,87,8.1
NRR001,3/4/1991,1615,22,29.2,7.85,22.74,,8,,86.9,8.1
NRR001,3/4/1991,1615,22.5,29.2,7.85,22.74,,8,,86.8,8.1
NRR001,3/4/1991,1615,23,29.2,7.85,22.75,,8,,87,8.1
NRR001,3/4/1991,1615,23.5,29.2,7.85,22.75,,8.1,,87.1,8.1
NRR001,3/4/1991,1615,24,29.21,7.85,22.75,,8.1,,87,8.1
NRR001,3/4/1991,1615,24.5,29.21,7.85,22.75,,8.1,,87.1,8.1
NRR001,3/4/1991,1615,25,29.21,7.85,22.75,,8,,86.9,8.1
NRR001,3/4/1991,1615,25.5,29.21,7.85,22.75,,8.1,,86.9,8.1
NRR001,3/4/1991,1615,26,29.2,7.85,22.75,,8.1,,87.1,8.1
NRR001,3/4/1991,1615,26.5,29.21,7.85,22.75,,8.1,,86.9,8.1
NRR001,3/4/1991,1615,27,29.2,7.85,22.75,,8.1,,86.9,8.1
NRR001,3/4/1991,1615,27.5,29.2,7.85,22.74,,8.1,,87,8.1
NRR001,3/4/1991,1615,28,29.19,7.85,22.74,,8.1,,87.1,8.1
NRR001,3/4/1991,1615,28.5,29.19,7.85,22.74,,8,,86.9,8.1
NRR001,3/4/1991,1615,29,29.19,7.85,22.74,,8.1,,87,8.1
NRR001,4/22/1991,1555,0.5,28,8.9,21.65,,9.7,,84.5,8.1
NRR001,4/22/1991,1555,1,27.97,8.9,21.64,,9.7,,84.2,8.1
NRR001,4/22/1991,1555,1.5,28,8.9,21.66,,9.6,,84.5,8.1
NRR001,4/22/1991,1555,2,28.01,8.88,21.66,,9.6,,84.4,8.1
NRR001,4/22/1991,1555,2.5,28,8.88,21.66,,9.6,,84.4,8.1
NRR001,4/22/1991,1555,3,28.01,8.88,21.67,,9.5,,84.4,8.1
NRR001,4/22/1991,1555,3.5,28.01,8.88,21.67,,9.5,,84.5,8.1
NRR001,4/22/1991,1555,4,28,8.88,21.66,,9.4,,84.8,8.1
NRR001,4/22/1991,1555,4.5,28,8.89,21.66,,9.5,,84.7,8.1
NRR001,4/22/1991,1555,5,28,8.89,21.66,,9.6,,84.4,8.1
NRR001,4/22/1991,1555,5.5,28,8.89,21.66,,9.8,,84.5,8.1
NRR001,4/22/1991,1555,6,28.01,8.88,21.67,,9.5,,84.7,8.1
NRR001,4/22/1991,1555,6.5,28.01,8.88,21.67,,9.3,,85,8.1
NRR001,4/22/1991,1555,7,28.02,8.88,21.68,,9.5,,84.5,8.1
NRR001,4/22/1991,1555,7.5,28.03,8.87,21.68,,9.7,,84.7,8.1
NRR001,4/22/1991,1555,8,28.04,8.86,21.7,,9.6,,84.7,8.1
NRR001,4/22/1991,1555,8.5,28.06,8.85,21.71,,9.5,,85,8.1
NRR001,4/22/1991,1555,9,28.05,8.85,21.7,,9.6,,84.9,8.1
NRR001,4/22/1991,1555,9.5,28.06,8.86,21.71,,9.5,,85.1,8.1
NRR001,4/22/1991,1555,10,28.06,8.85,21.71,,9.6,,85,8.1
NRR001,4/22/1991,1555,10.5,28.03,8.86,21.69,,9.5,,84.8,8.1
NRR001,4/22/1991,1555,11,28.03,8.87,21.69,,9.4,,84.9,8.1
NRR001,4/22/1991,1555,11.5,28.06,8.86,21.71,,9.4,,85.2,8.1
NRR001,4/22/1991,1555,12,28.07,8.85,21.72,,9.6,,84.9,8.1
NRR001,4/22/1991,1555,12.5,28.07,8.85,21.72,,9.7,,85.1,8.1
NRR001,4/22/1991,1555,13,28.07,8.84,21.72,,9.6,,85.2,8.1
NRR001,4/22/1991,1555,13.5,28.07,8.85,21.72,,9.6,,85.1,8.1
NRR001,4/22/1991,1555,14,28.04,8.86,21.7,,9.5,,84.8,8.1
NRR001,4/22/1991,1555,14.5,28.05,8.87,21.7,,9.6,,84.8,8.1
NRR001,4/22/1991,1555,15,28.06,8.86,21.71,,9.5,,85.1,8.1
NRR001,4/22/1991,1555,15.5,28.06,8.86,21.71,,9.5,,85,8.1
NRR001,4/22/1991,1555,16,28.07,8.85,21.72,,9.4,,85.2,8.1
NRR001,4/22/1991,1555,16.5,28.07,8.86,21.72,,9.4,,85,8.1
NRR001,4/22/1991,1555,17,28.06,8.86,21.71,,9.4,,84.9,8.1
NRR001,4/22/1991,1555,17.5,28.06,8.86,21.71,,9.4,,84.9,8.1
NRR001,4/22/1991,1555,18,28.06,8.85,21.71,,9.5,,85,8.1
NRR001,4/22/1991,1555,18.5,28.06,8.85,21.71,,9.4,,85.1,8.1
NRR001,4/22/1991,1555,19,28.07,8.85,21.72,,9.4,,85.3,8.1
NRR001,4/22/1991,1555,19.5,28.06,8.86,21.71,,9.4,,85.1,8.1
NRR001,4/22/1991,1555,20,28.06,8.86,21.71,,9.4,,85.1,8.1
NRR001,4/22/1991,1555,20.5,28.06,8.85,21.71,,9.3,,85,8.1
NRR001,4/22/1991,1555,21,28.07,8.85,21.72,,9.4,,85.4,8.1
NRR001,4/22/1991,1555,21.5,28.07,8.86,21.72,,9.4,,85,8.1
NRR001,4/22/1991,1555,22,28.06,8.86,21.71,,9.4,,85.1,8.1
NRR001,4/22/1991,1555,22.5,28.07,8.85,21.72,,9.6,,85,8.1
NRR001,4/22/1991,1555,23,28.07,8.85,21.72,,9.5,,85.1,8.1
NRR001,4/22/1991,1555,23.5,28.08,8.85,21.73,,9.4,,85,8.1
NRR001,4/22/1991,1555,24,28.09,8.84,21.74,,9.4,,85.3,8.1
NRR001,4/22/1991,1555,24.5,28.09,8.84,21.74,,9.4,,85.4,8.1
NRR001,4/22/1991,1555,25,28.08,8.85,21.73,,9.4,,85.2,8.1
NRR001,4/22/1991,1555,25.5,28.08,8.85,21.73,,9.4,,85.1,8.1
NRR001,4/22/1991,1555,26,28.08,8.85,21.73,,9.4,,85.2,8.1
NRR001,4/22/1991,1555,26.5,28.08,8.85,21.72,,9.4,,85.1,8.1
NRR001,4/22/1991,1555,27,28.08,8.85,21.72,,9.4,,85,8.1
NRR001,4/22/1991,1555,27.5,28.08,8.85,21.73,,9.4,,84.7,8.1
NRR001,4/22/1991,1555,28,28.1,8.84,21.74,,9.3,,85.1,8.1
NRR001,4/22/1991,1555,28.5,28.1,8.84,21.75,,9.4,,85.4,8.1
NRR001,4/22/1991,1555,29,28.1,8.84,21.74,,9.3,,85.2,8.1
NRR001,4/22/1991,1555,29.5,28.1,8.84,21.74,,9.3,,85.4,8.1
NRR001,4/22/1991,1555,30,28.1,8.84,21.75,,9.3,,85.1,8.1
NRR001,4/22/1991,1555,30.5,28.1,8.84,21.75,,9.4,,85.2,8.1
NRR001,4/22/1991,1555,31,28.09,8.84,21.74,,9.4,,85.1,8.1
NRR001,5/28/1991,1410,0.5,29.22,9.24,22.56,,9.1,,87.1,8.1
NRR001,5/28/1991,1410,1,29.2,9.26,22.54,,9,,87.3,8.1
NRR001,5/28/1991,1410,1.5,29.19,9.26,22.53,,9,,87.2,8.1
NRR001,5/28/1991,1410,2,29.19,9.26,22.53,,9.1,,87.3,8.1
NRR001,5/28/1991,1410,2.5,29.19,9.26,22.54,,9.1,,87.1,8.1
NRR001,5/28/1991,1410,3,29.19,9.26,22.53,,9.2,,87.2,8.1
NRR001,5/28/1991,1410,3.5,29.19,9.26,22.54,,9.1,,87.3,8.1
NRR001,5/28/1991,1410,4,29.2,9.25,22.54,,9,,87.1,8.1
NRR001,5/28/1991,1410,4.5,29.19,9.25,22.54,,9.1,,87.4,8.1
NRR001,5/28/1991,1410,5,29.2,9.25,22.54,,9.1,,87.2,8.1
NRR001,5/28/1991,1410,5.5,29.2,9.25,22.54,,9,,87,8.1
NRR001,5/28/1991,1410,6,29.2,9.25,22.54,,9.1,,87.2,8.1
NRR001,5/28/1991,1410,6.5,29.2,9.25,22.54,,9.3,,86.9,8.1
NRR001,5/28/1991,1410,7,29.2,9.25,22.54,,9.2,,87.1,8.1
NRR001,5/28/1991,1410,7.5,29.2,9.24,22.55,,9,,87.1,8.1
NRR001,5/28/1991,1410,8,29.2,9.25,22.54,,8.9,,87.3,8.1
NRR001,5/28/1991,1410,8.5,29.2,9.24,22.55,,9,,86.8,8.1
NRR001,5/28/1991,1410,9,29.2,9.25,22.54,,9.1,,86.9,8.1
NRR001,5/28/1991,1410,9.5,29.2,9.25,22.54,,9.1,,87.5,8.1
NRR001,5/28/1991,1410,10,29.2,9.25,22.54,,9.1,,87.2,8.1
NRR001,5/28/1991,1410,10.5,29.2,9.25,22.54,,8.9,,87.3,8.1
NRR001,5/28/1991,1410,11,29.2,9.25,22.54,,9.1,,87.3,8.1
NRR001,5/28/1991,1410,11.5,29.2,9.25,22.54,,9.1,,87.2,8.1
NRR001,5/28/1991,1410,12,29.2,9.25,22.54,,9.2,,87.4,8.1
NRR001,5/28/1991,1410,12.5,29.19,9.25,22.54,,9.1,,87.3,8.1
NRR001,5/28/1991,1410,13,29.19,9.25,22.54,,9.2,,86.8,8.1
NRR001,5/28/1991,1410,13.5,29.19,9.25,22.54,,8.9,,87.2,8.1
NRR001,5/28/1991,1410,14,29.19,9.25,22.54,,8.8,,87,8.1
NRR001,5/28/1991,1410,14.5,29.19,9.25,22.54,,9.2,,87.4,8.1
NRR001,5/28/1991,1410,15,29.19,9.25,22.54,,9.2,,87,8.1
NRR001,5/28/1991,1410,15.5,29.19,9.25,22.54,,9.1,,87.2,8.1
NRR001,5/28/1991,1410,16,29.19,9.25,22.54,,8.9,,87.4,8.1
NRR001,5/28/1991,1410,16.5,29.2,9.25,22.54,,9,,87.3,8.1
NRR001,5/28/1991,1410,17,29.2,9.25,22.54,,9,,87.3,8.1
NRR001,5/28/1991,1410,17.5,29.2,9.24,22.55,,8.9,,87.3,8.1
NRR001,5/28/1991,1410,18,29.2,9.24,22.54,,8.9,,87.4,8.1
NRR001,5/28/1991,1410,18.5,29.2,9.25,22.54,,9.1,,87.3,8.1
NRR001,5/28/1991,1410,19,29.2,9.25,22.54,,9.1,,87.5,8.1
NRR001,5/28/1991,1410,19.5,29.19,9.25,22.54,,8.9,,87.3,8.1
NRR001,5/28/1991,1410,20,29.2,9.25,22.54,,8.9,,87.2,8.1
NRR001,5/28/1991,1410,20.5,29.2,9.24,22.55,,9,,87.3,8.1
NRR001,5/28/1991,1410,21,29.2,9.24,22.55,,9,,87,8.1
NRR001,5/28/1991,1410,21.5,29.21,9.24,22.55,,9.2,,87.2,8.1
NRR001,5/28/1991,1410,22,29.21,9.24,22.56,,9,,87,8.1
NRR001,5/28/1991,1410,22.5,29.21,9.23,22.56,,8.9,,86.7,8.1
NRR001,5/28/1991,1410,23,29.21,9.24,22.55,,8.9,,86.8,8.1
NRR001,5/28/1991,1410,23.5,29.21,9.24,22.55,,8.9,,87.2,8.1
NRR001,5/28/1991,1410,24,29.21,9.24,22.55,,9,,87.3,8.1
NRR001,5/28/1991,1410,24.5,29.21,9.24,22.55,,9,,87.2,8.1
NRR001,5/28/1991,1410,25,29.21,9.24,22.55,,9,,87.1,8.1
NRR001,5/28/1991,1410,25.5,29.21,9.24,22.55,,9,,87.2,8.1
NRR001,5/28/1991,1410,26,29.21,9.24,22.56,,9,,87.2,8.1
NRR001,5/28/1991,1410,26.5,29.21,9.23,22.56,,9,,87.2,8.1
NRR001,5/28/1991,1410,27,29.21,9.24,22.55,,9,,87.3,8.1
NRR001,5/28/1991,1410,27.5,29.21,9.24,22.55,,9,,87.1,8.1
NRR001,5/28/1991,1410,28,29.21,9.24,22.55,,8.8,,87.2,8.1
NRR001,5/28/1991,1410,28.5,29.21,9.23,22.56,,8.9,,87.1,8.1
NRR001,5/28/1991,1410,29,29.21,9.24,22.55,,8.9,,87.3,8.1
NRR001,5/28/1991,1410,29.5,29.21,9.24,22.55,,8.9,,87.4,8.1
NRR001,5/28/1991,1410,30,29.21,9.24,22.55,,8.8,,87.2,8.1
NRR001,5/28/1991,1410,30.5,29.21,9.24,22.55,,8.9,,87.3,8.1
NRR001,6/17/1991,1520,0.5,29.03,10.41,22.23,,8.7,,91.3,8.2
NRR001,6/17/1991,1520,1,29.04,10.42,22.23,,8.5,,91.4,8.2
NRR001,6/17/1991,1520,1.5,29.03,10.41,22.23,,8.5,,91.3,8.2
NRR001,6/17/1991,1520,2,29.03,10.41,22.23,,8.6,,91.2,8.2
NRR001,6/17/1991,1520,2.5,29.03,10.41,22.23,,8.6,,91,8.2
NRR001,6/17/1991,1520,3,29.03,10.4,22.23,,8.6,,91.1,8.2
NRR001,6/17/1991,1520,3.5,29.03,10.41,22.23,,8.6,,91.3,8.2
NRR001,6/17/1991,1520,4,29.03,10.41,22.23,,8.7,,91.2,8.2
NRR001,6/17/1991,1520,4.5,29.03,10.4,22.23,,8.7,,91.4,8.2
NRR001,6/17/1991,1520,5,29.03,10.4,22.23,,8.6,,91.4,8.2
NRR001,6/17/1991,1520,5.5,29.03,10.4,22.23,,8.7,,91.2,8.2
NRR001,6/17/1991,1520,6,29.03,10.4,22.23,,8.8,,91.6,8.2
NRR001,6/17/1991,1520,6.5,29.03,10.4,22.23,,8.7,,91.4,8.2
NRR001,6/17/1991,1520,7,29.03,10.4,22.23,,8.6,,91.4,8.2
NRR001,6/17/1991,1520,7.5,29.03,10.4,22.23,,8.5,,91.2,8.2
NRR001,6/17/1991,1520,8,29.03,10.4,22.23,,8.6,,91.4,8.2
NRR001,6/17/1991,1520,8.5,29.03,10.4,22.23,,8.6,,91.3,8.2
NRR001,6/17/1991,1520,9,29.03,10.4,22.23,,8.7,,91,8.2
NRR001,6/17/1991,1520,9.5,29.03,10.4,22.23,,8.7,,91.2,8.2
NRR001,6/17/1991,1520,10,29.03,10.4,22.23,,8.6,,91.3,8.2
NRR001,6/17/1991,1520,10.5,29.03,10.4,22.23,,8.7,,91.2,8.2
NRR001,6/17/1991,1520,11,29.03,10.4,22.23,,8.6,,91.2,8.2
NRR001,6/17/1991,1520,11.5,29.03,10.4,22.23,,8.6,,91.2,8.2
NRR001,6/17/1991,1520,12,29.03,10.4,22.23,,8.6,,91.4,8.2
NRR001,6/17/1991,1520,12.5,29.04,10.4,22.24,,8.7,,91.3,8.2
NRR001,6/17/1991,1520,13,29.06,10.38,22.25,,8.7,,91.1,8.2
NRR001,6/17/1991,1520,13.5,29.06,10.37,22.26,,8.6,,91.3,8.2
NRR001,6/17/1991,1520,14,29.07,10.37,22.26,,8.6,,90.9,8.2
NRR001,6/17/1991,1520,14.5,29.07,10.36,22.27,,8.6,,91.3,8.2
NRR001,6/17/1991,1520,15,29.07,10.36,22.27,,8.7,,91.1,8.2
NRR001,6/17/1991,1520,15.5,29.07,10.36,22.27,,8.6,,91.1,8.2
NRR001,6/17/1991,1520,16,29.07,10.36,22.27,,8.7,,91.4,8.2
NRR001,6/17/1991,1520,16.5,29.06,10.37,22.26,,8.7,,91,8.2
NRR001,6/17/1991,1520,17,29.06,10.38,22.26,,8.6,,91,8.2
NRR001,6/17/1991,1520,17.5,29.06,10.37,22.26,,8.5,,91.3,8.2
NRR001,6/17/1991,1520,18,29.07,10.37,22.27,,8.6,,91.3,8.2
NRR001,6/17/1991,1520,18.5,29.07,10.37,22.27,,8.6,,91.3,8.2
NRR001,6/17/1991,1520,19,29.07,10.37,22.26,,8.6,,91.1,8.2
NRR001,6/17/1991,1520,19.5,29.06,10.37,22.26,,8.6,,91.2,8.2
NRR001,6/17/1991,1520,20,29.06,10.37,22.26,,8.7,,91.2,8.2
NRR001,6/17/1991,1520,20.5,29.07,10.36,22.27,,8.7,,91.3,8.2
NRR001,6/17/1991,1520,21,29.1,10.34,22.3,,8.6,,91.2,8.2
NRR001,6/17/1991,1520,21.5,29.09,10.34,22.29,,8.5,,91.5,8.2
NRR001,6/17/1991,1520,22,29.07,10.36,22.27,,8.6,,91.4,8.2
NRR001,6/17/1991,1520,22.5,29.07,10.36,22.27,,8.6,,90.5,8.2
NRR001,6/17/1991,1520,23,29.07,10.37,22.27,,8.5,,91.1,8.2
NRR001,6/17/1991,1520,23.5,29.07,10.37,22.27,,8.6,,91.1,8.2
NRR001,6/17/1991,1520,24,29.06,10.37,22.26,,8.6,,91.2,8.2
NRR001,6/17/1991,1520,24.5,29.06,10.38,22.26,,8.5,,91,8.2
NRR001,6/17/1991,1520,25,29.08,10.36,22.27,,8.7,,91.3,8.2
NRR001,6/17/1991,1520,25.5,29.08,10.35,22.28,,8.6,,91.4,8.2
NRR001,6/17/1991,1520,26,29.09,10.35,22.28,,8.5,,91.3,8.2
NRR001,6/17/1991,1520,26.5,29.09,10.35,22.28,,8.5,,91.6,8.2
NRR001,6/17/1991,1520,27,29.09,10.35,22.28,,8.5,,91.2,8.2
NRR001,6/17/1991,1520,27.5,29.09,10.34,22.29,,8.5,,91.3,8.2
NRR001,6/17/1991,1520,28,29.1,10.34,22.29,,8.6,,91.3,8.2
NRR001,6/17/1991,1520,28.5,29.1,10.34,22.3,,8.6,,91.3,8.2
NRR001,6/17/1991,1520,29,29.11,10.33,22.3,,8.6,,91.3,8.2
NRR001,6/17/1991,1520,29.5,29.11,10.33,22.3,,8.5,,91.4,8.2
NRR001,6/17/1991,1520,30,29.09,10.34,22.29,,8.6,,91.3,8.2
NRR001,7/22/1991,1530,0.5,29.91,10.51,22.89,,6.6,,90.4,8
NRR001,7/22/1991,1530,1,29.9,10.51,22.89,,6.5,,89.7,8
NRR001,7/22/1991,1530,1.5,29.89,10.49,22.89,,6.4,,90.2,8
NRR001,7/22/1991,1530,2,29.89,10.46,22.89,,6.6,,90.9,8
NRR001,7/22/1991,1530,2.5,29.91,10.44,22.91,,6.5,,91.1,8
NRR001,7/22/1991,1530,3,29.9,10.45,22.9,,6.5,,91.3,8
NRR001,7/22/1991,1530,3.5,29.9,10.45,22.9,,6.5,,91.1,8
NRR001,7/22/1991,1530,4,29.9,10.45,22.9,,6.6,,91.2,8
NRR001,7/22/1991,1530,4.5,29.9,10.45,22.9,,6.6,,91.3,8
NRR001,7/22/1991,1530,5,29.9,10.45,22.9,,6.5,,91.1,8
NRR001,7/22/1991,1530,5.5,29.9,10.45,22.9,,6.4,,91,8
NRR001,7/22/1991,1530,6,29.9,10.45,22.9,,6.4,,91.1,8
NRR001,7/22/1991,1530,6.5,29.9,10.45,22.9,,6.5,,91.1,8
NRR001,7/22/1991,1530,7,29.9,10.46,22.9,,6.5,,91.3,8
NRR001,7/22/1991,1530,7.5,29.9,10.46,22.9,,6.5,,91.1,8
NRR001,7/22/1991,1530,8,29.9,10.47,22.89,,6.5,,91,8
NRR001,7/22/1991,1530,8.5,29.89,10.47,22.89,,6.5,,91.1,8
NRR001,7/22/1991,1530,9,29.89,10.47,22.89,,6.5,,91.2,8
NRR001,7/22/1991,1530,9.5,29.89,10.45,22.89,,6.6,,91,8
NRR001,7/22/1991,1530,10,29.9,10.43,22.91,,6.5,,91,8
NRR001,7/22/1991,1530,10.5,29.91,10.45,22.9,,6.5,,91.1,8
NRR001,7/22/1991,1530,11,29.9,10.46,22.9,,6.5,,91,8
NRR001,7/22/1991,1530,11.5,29.89,10.46,22.89,,6.4,,91,8
NRR001,7/22/1991,1530,12,29.89,10.45,22.9,,6.4,,91.2,8
NRR001,7/22/1991,1530,12.5,29.9,10.44,22.9,,6.4,,90.4,8
NRR001,7/22/1991,1530,13,29.9,10.44,22.9,,6.4,,91,8
NRR001,7/22/1991,1530,13.5,29.9,10.44,22.9,,6.4,,91.2,8
NRR001,7/22/1991,1530,14,29.9,10.45,22.9,,6.4,,90.9,8
NRR001,7/22/1991,1530,14.5,29.9,10.45,22.9,,6.5,,91.1,8
NRR001,7/22/1991,1530,15,29.9,10.46,22.9,,6.4,,91.2,8
NRR001,7/22/1991,1530,15.5,29.89,10.46,22.89,,6.4,,91.1,8
NRR001,7/22/1991,1530,16,29.9,10.45,22.9,,6.4,,91,8
NRR001,7/22/1991,1530,16.5,29.9,10.45,22.9,,6.3,,91.1,8
NRR001,7/22/1991,1530,17,29.9,10.45,22.9,,6.4,,91,8
NRR001,7/22/1991,1530,17.5,29.9,10.45,22.9,,6.5,,90.9,8
NRR001,7/22/1991,1530,18,29.9,10.44,22.9,,6.4,,90.8,8
NRR001,7/22/1991,1530,18.5,29.9,10.44,22.9,,6.5,,90.5,8
NRR001,7/22/1991,1530,19,29.9,10.44,22.9,,6.4,,90.9,8
NRR001,7/22/1991,1530,19.5,29.9,10.44,22.9,,6.4,,90.9,8
NRR001,7/22/1991,1530,20,29.9,10.44,22.9,,6.4,,91,8
NRR001,7/22/1991,1530,20.5,29.9,10.44,22.9,,6.4,,90.8,8
NRR001,7/22/1991,1530,21,29.9,10.44,22.9,,6.4,,90.9,8
NRR001,7/22/1991,1530,21.5,29.9,10.44,22.9,,6.4,,90.8,8
NRR001,7/22/1991,1530,22,29.91,10.42,22.91,,6.4,,90.7,8
NRR001,7/22/1991,1530,22.5,29.9,10.43,22.91,,6.4,,90.9,8
NRR001,7/22/1991,1530,23,29.9,10.43,22.91,,6.4,,90.9,8
NRR001,7/22/1991,1530,23.5,29.9,10.44,22.9,,6.4,,91.1,8
NRR001,7/22/1991,1530,24,29.9,10.44,22.9,,6.4,,91.1,8
NRR001,7/22/1991,1530,24.5,29.9,10.44,22.9,,6.4,,91,8
NRR001,7/22/1991,1530,25,29.9,10.44,22.9,,6.4,,90.9,8
NRR001,7/22/1991,1530,25.5,29.9,10.44,22.9,,6.5,,90.9,8
NRR001,7/22/1991,1530,26,29.9,10.43,22.9,,6.4,,90.7,8
NRR001,7/22/1991,1530,26.5,29.9,10.43,22.9,,6.4,,91.1,8
NRR001,7/22/1991,1530,27,29.91,10.42,22.91,,6.3,,91.1,8
NRR001,7/22/1991,1530,27.5,29.91,10.43,22.91,,6.3,,90.7,8
NRR001,7/22/1991,1530,28,29.9,10.43,22.9,,6.4,,91,8
NRR001,7/22/1991,1530,28.5,29.9,10.43,22.91,,6.3,,90.6,8
NRR001,7/22/1991,1530,29,29.9,10.44,22.9,,6.3,,90.9,8
NRR001,7/22/1991,1530,29.5,29.9,10.44,22.9,,6.4,,91,8
NRR001,8/19/1991,1645,0.5,29.66,12.66,22.32,,8,,86.4,8.1
NRR001,8/19/1991,1645,1,29.64,12.6,22.32,,8,,88.2,8.1
NRR001,8/19/1991,1645,1.5,29.68,12.49,22.37,,8,,90.5,8.2
NRR001,8/19/1991,1645,2,29.69,12.45,22.39,,7.9,,90.6,8.1
NRR001,8/19/1991,1645,2.5,29.71,12.4,22.41,,7.9,,90.7,8.1
NRR001,8/19/1991,1645,3,29.72,12.39,22.42,,7.9,,90.3,8.1
NRR001,8/19/1991,1645,3.5,29.72,12.38,22.42,,8,,90.5,8.1
NRR001,8/19/1991,1645,4,29.73,12.36,22.43,,7.8,,90.8,8.1
NRR001,8/19/1991,1645,4.5,29.73,12.35,22.44,,7.8,,90.2,8.1
NRR001,8/19/1991,1645,5,29.73,12.33,22.44,,7.7,,91,8.1
NRR001,8/19/1991,1645,5.5,29.75,12.3,22.46,,7.8,,90.8,8.1
NRR001,8/19/1991,1645,6,29.75,12.29,22.46,,7.7,,90.9,8.1
NRR001,8/19/1991,1645,6.5,29.76,12.28,22.47,,7.6,,90.5,8.1
NRR001,8/19/1991,1645,7,29.76,12.29,22.47,,7.7,,90.7,8.1
NRR001,8/19/1991,1645,7.5,29.76,12.29,22.47,,7.6,,90.7,8.1
NRR001,8/19/1991,1645,8,29.74,12.29,22.46,,7.6,,90.6,8.1
NRR001,8/19/1991,1645,8.5,29.76,12.26,22.47,,7.7,,90.7,8.1
NRR001,8/19/1991,1645,9,29.75,12.23,22.47,,7.6,,90.5,8.1
NRR001,8/19/1991,1645,9.5,29.76,12.19,22.49,,7.6,,90.8,8.1
NRR001,8/19/1991,1645,10,29.76,12.17,22.5,,7.5,,91.4,8.1
NRR001,8/19/1991,1645,10.5,29.79,12.12,22.52,,7.6,,91.2,8.1
NRR001,8/19/1991,1645,11,29.8,12.12,22.53,,7.4,,91.3,8.1
NRR001,8/19/1991,1645,11.5,29.79,12.11,22.52,,7.4,,91.4,8.1
NRR001,8/19/1991,1645,12,29.8,12.09,22.54,,7.4,,91.9,8.1
NRR001,8/19/1991,1645,12.5,29.8,12.09,22.54,,7.4,,91.2,8.1
NRR001,8/19/1991,1645,13,29.8,12.09,22.54,,7.3,,91.6,8.1
NRR001,8/19/1991,1645,13.5,29.8,12.07,22.54,,7.4,,91.8,8.1
NRR001,8/19/1991,1645,14,29.81,12.05,22.55,,7.3,,91.6,8.1
NRR001,8/19/1991,1645,14.5,29.8,12.06,22.54,,7.3,,91.5,8.1
NRR001,8/19/1991,1645,15,29.8,12.05,22.54,,7.3,,91.9,8.1
NRR001,8/19/1991,1645,15.5,29.8,12.03,22.55,,7.2,,91.9,8.1
NRR001,8/19/1991,1645,16,29.77,11.99,22.53,,7.3,,91.9,8.1
NRR001,8/19/1991,1645,16.5,29.82,11.94,22.58,,7.3,,92.2,8.1
NRR001,8/19/1991,1645,17,29.82,11.95,22.58,,7.2,,92.4,8.1
NRR001,8/19/1991,1645,17.5,29.82,11.97,22.58,,7.1,,92.3,8.1
NRR001,8/19/1991,1645,18,29.8,11.94,22.56,,7.2,,92.3,8.1
NRR001,8/19/1991,1645,18.5,29.82,11.88,22.6,,7.2,,92.3,8.1
NRR001,8/19/1991,1645,19,29.83,11.87,22.6,,7.2,,92.4,8.1
NRR001,8/19/1991,1645,19.5,29.83,11.87,22.6,,7,,92.5,8.1
NRR001,8/19/1991,1645,20,29.84,11.86,22.61,,7.1,,92.3,8.1
NRR001,8/19/1991,1645,20.5,29.83,11.84,22.61,,7.2,,92.3,8.1
NRR001,8/19/1991,1645,21,29.85,11.82,22.62,,7.2,,92.9,8.1
NRR001,8/19/1991,1645,21.5,29.85,11.81,22.63,,7.1,,92.4,8.1
NRR001,8/19/1991,1645,22,29.85,11.77,22.63,,7,,92.8,8.1
NRR001,8/19/1991,1645,22.5,29.87,11.74,22.65,,7,,92.6,8.1
NRR001,8/19/1991,1645,23,29.88,11.72,22.67,,7,,92.9,8.1
NRR001,8/19/1991,1645,23.5,29.88,11.71,22.67,,7,,92.7,8.1
NRR001,8/19/1991,1645,24,29.88,11.71,22.67,,6.9,,92.7,8.1
NRR001,8/19/1991,1645,24.5,29.89,11.67,22.68,,7,,92.8,8.1
NRR001,8/19/1991,1645,25,29.9,11.65,22.7,,6.9,,92.8,8.1
NRR001,8/19/1991,1645,25.5,29.91,11.64,22.7,,6.9,,93.1,8.1
NRR001,8/19/1991,1645,26,29.91,11.64,22.7,,6.9,,93.2,8.1
NRR001,8/19/1991,1645,26.5,29.91,11.63,22.7,,6.9,,92.8,8.1
NRR001,8/19/1991,1645,27,29.91,11.61,22.71,,6.8,,93.1,8.1
NRR001,8/19/1991,1645,27.5,29.92,11.57,22.72,,6.8,,93.4,8.1
NRR001,8/19/1991,1645,28,29.94,11.53,22.75,,6.9,,93.5,8.1
NRR001,8/19/1991,1645,28.5,29.95,11.5,22.76,,6.7,,93.3,8.1
NRR001,8/19/1991,1645,29,29.95,11.48,22.77,,6.6,,93.3,8.1
NRR001,8/19/1991,1645,29.5,29.96,11.42,22.78,,6.7,,93.3,8.1
NRR001,8/19/1991,1645,30,29.98,11.4,22.8,,6.7,,93.6,8.1
NRR001,8/19/1991,1645,30.5,29.98,11.38,22.81,,6.6,,93.7,8.1
NRR001,8/19/1991,1645,31,30,11.36,22.82,,6.5,,93.7,8.1
NRR001,8/19/1991,1645,31.5,30,11.32,22.83,,6.6,,93.6,8.1
NRR001,9/23/1991,1435,0.5,30.2,12.11,22.84,,6.9,,84.7,8.1
NRR001,9/23/1991,1435,1,30.2,12.11,22.84,,6.9,,84.8,8.1
NRR001,9/23/1991,1435,1.5,30.2,12.11,22.84,,6.9,,84.9,8.1
NRR001,9/23/1991,1435,2,30.19,12.12,22.84,,6.9,,84.9,8.1
NRR001,9/23/1991,1435,2.5,30.2,12.13,22.84,,6.9,,84.8,8.1
NRR001,9/23/1991,1435,3,30.19,12.14,22.83,,6.9,,85,8.1
NRR001,9/23/1991,1435,3.5,30.19,12.14,22.83,,6.9,,85,8.1
NRR001,9/23/1991,1435,4,30.19,12.13,22.83,,6.9,,84.9,8.1
NRR001,9/23/1991,1435,4.5,30.19,12.13,22.84,,6.9,,84.9,8.1
NRR001,9/23/1991,1435,5,30.19,12.12,22.84,,6.9,,85,8.1
NRR001,9/23/1991,1435,5.5,30.19,12.12,22.84,,6.9,,84.9,8.1
NRR001,9/23/1991,1435,6,30.19,12.12,22.84,,6.9,,84.9,8.1
NRR001,9/23/1991,1435,6.5,30.2,12.12,22.84,,6.9,,84.9,8.1
NRR001,9/23/1991,1435,7,30.19,12.12,22.84,,6.9,,84.8,8.1
NRR001,9/23/1991,1435,7.5,30.21,12.08,22.86,,6.9,,84.8,8.1
NRR001,9/23/1991,1435,8,30.21,12.08,22.86,,6.8,,84.8,8.1
NRR001,9/23/1991,1435,8.5,30.21,12.07,22.86,,6.9,,84.7,8.1
NRR001,9/23/1991,1435,9,30.22,12.06,22.87,,6.9,,84.8,8.1
NRR001,9/23/1991,1435,9.5,30.21,12.07,22.86,,6.8,,85,8.1
NRR001,9/23/1991,1435,10,30.21,12.07,22.86,,6.8,,84.7,8.1
NRR001,9/23/1991,1435,10.5,30.22,12.07,22.86,,6.8,,84.9,8.1
NRR001,9/23/1991,1435,11,30.22,12.07,22.87,,6.8,,85,8.1
NRR001,9/23/1991,1435,11.5,30.21,12.08,22.86,,6.8,,85,8.1
NRR001,9/23/1991,1435,12,30.21,12.08,22.86,,6.8,,84.9,8.1
NRR001,9/23/1991,1435,12.5,30.21,12.08,22.86,,6.8,,85,8.1
NRR001,9/23/1991,1435,13,30.21,12.08,22.86,,6.8,,85.1,8.1
NRR001,9/23/1991,1435,13.5,30.21,12.08,22.86,,6.8,,85,8.1
NRR001,9/23/1991,1435,14,30.21,12.08,22.85,,6.8,,84.8,8.1
NRR001,9/23/1991,1435,14.5,30.21,12.08,22.86,,6.8,,85,8.1
NRR001,9/23/1991,1435,15,30.21,12.09,22.85,,6.8,,85,8.1
NRR001,9/23/1991,1435,15.5,30.21,12.09,22.85,,6.8,,84.9,8.1
NRR001,9/23/1991,1435,16,30.21,12.09,22.85,,6.8,,85.1,8.1
NRR001,9/23/1991,1435,16.5,30.2,12.09,22.85,,6.8,,85,8.1
NRR001,9/23/1991,1435,17,30.2,12.09,22.85,,6.9,,85.1,8.1
NRR001,9/23/1991,1435,17.5,30.21,12.05,22.86,,6.9,,84.7,8.1
NRR001,9/23/1991,1435,18,30.23,12,22.89,,6.9,,84.7,8.1
NRR001,9/23/1991,1435,18.5,30.25,11.99,22.9,,6.8,,84.6,8.1
NRR001,9/23/1991,1435,19,30.24,12.01,22.89,,6.7,,84.7,8.1
NRR001,9/23/1991,1435,19.5,30.24,11.99,22.9,,6.7,,84.6,8.1
NRR001,9/23/1991,1435,20,30.24,11.98,22.9,,6.7,,84.6,8.1
NRR001,9/23/1991,1435,20.5,30.26,11.93,22.92,,6.7,,84.7,8.1
NRR001,9/23/1991,1435,21,30.27,11.92,22.94,,6.7,,84.6,8.1
NRR001,9/23/1991,1435,21.5,30.28,11.91,22.95,,6.6,,84.8,8.1
NRR001,9/23/1991,1435,22,30.28,11.93,22.94,,6.6,,84.5,8.1
NRR001,9/23/1991,1435,22.5,30.25,11.97,22.91,,6.6,,84.7,8.1
NRR001,9/23/1991,1435,23,30.25,11.98,22.91,,6.6,,84.9,8.1
NRR001,9/23/1991,1435,23.5,30.24,12,22.9,,6.7,,85,8.1
NRR001,9/23/1991,1435,24,30.23,12.02,22.89,,6.7,,85,8.1
NRR001,9/23/1991,1435,24.5,30.23,12.01,22.89,,6.7,,85.1,8.1
NRR001,9/23/1991,1435,25,30.24,12,22.9,,6.7,,84.8,8.1
NRR001,9/23/1991,1435,25.5,30.24,12,22.89,,6.7,,84.7,8.1
NRR001,9/23/1991,1435,26,30.24,12.01,22.9,,6.7,,84.9,8.1
NRR001,9/23/1991,1435,26.5,30.23,12.02,22.89,,6.7,,85,8.1
NRR001,9/23/1991,1435,27,30.23,12.03,22.88,,6.7,,84.9,8.1
NRR001,9/23/1991,1435,27.5,30.24,12.01,22.89,,6.7,,84.9,8.1
NRR001,9/23/1991,1435,28,30.23,12.01,22.89,,6.7,,85,8.1
NRR001,9/23/1991,1435,28.5,30.24,12.01,22.89,,6.7,,85.1,8.1
NRR001,9/23/1991,1435,29,30.24,12.02,22.89,,6.7,,85,8.1
NRR001,9/23/1991,1435,29.5,30.23,12.02,22.89,,6.7,,84.9,8.1
NRR001,9/23/1991,1435,30,30.24,12,22.89,,6.7,,85,8.1
NRR001,9/23/1991,1435,30.5,30.22,11.99,22.88,,6.7,,84.9,8.1
NRR001,9/23/1991,1435,31,30.25,11.95,22.91,,6.7,,85,8.1
