station, date,depth_m,sal_psu,month,year
NRR001,11/27/1989,1,30.55,11,1989
NRR001,11/27/1989,1.5,30.27,11,1989
NRR001,11/27/1989,2.5,30.36,11,1989
NRR001,11/27/1989,3,30.37,11,1989
NRR001,11/27/1989,3.5,30.37,11,1989
NRR001,11/27/1989,4,30.37,11,1989
NRR001,11/27/1989,4.5,30.37,11,1989
NRR001,11/27/1989,5.5,30.38,11,1989
NRR001,11/27/1989,6,30.38,11,1989
NRR001,11/27/1989,7,30.38,11,1989
NRR001,11/27/1989,7.5,30.38,11,1989
NRR001,11/27/1989,8,30.38,11,1989
NRR001,11/27/1989,8.5,30.38,11,1989
NRR001,11/27/1989,9,30.38,11,1989
NRR001,11/27/1989,10,30.38,11,1989
NRR001,11/27/1989,10.5,30.38,11,1989
NRR001,11/27/1989,11.5,30.38,11,1989
NRR001,11/27/1989,12,30.38,11,1989
NRR001,11/27/1989,12.5,30.38,11,1989
NRR001,11/27/1989,13,30.38,11,1989
NRR001,11/27/1989,13.5,30.38,11,1989
NRR001,11/27/1989,14,30.38,11,1989
NRR001,11/27/1989,14.5,30.38,11,1989
NRR001,11/27/1989,15,30.38,11,1989
NRR001,11/27/1989,15.5,30.38,11,1989
NRR001,11/27/1989,16.5,30.38,11,1989
NRR001,11/27/1989,17,30.38,11,1989
NRR001,11/27/1989,17.5,30.38,11,1989
NRR001,11/27/1989,18,30.39,11,1989
NRR001,11/27/1989,18.5,30.4,11,1989
NRR001,11/27/1989,19,30.39,11,1989
NRR001,11/27/1989,19.5,30.4,11,1989
NRR001,11/27/1989,20,30.4,11,1989
NRR001,11/27/1989,20.5,30.4,11,1989
NRR001,11/27/1989,21,30.4,11,1989
NRR001,11/27/1989,21.5,30.4,11,1989
NRR001,11/27/1989,22,30.39,11,1989
NRR001,11/27/1989,22.5,30.4,11,1989
NRR001,11/27/1989,23,30.39,11,1989
NRR001,11/27/1989,23.5,30.39,11,1989
NRR001,11/27/1989,24,30.39,11,1989
NRR001,11/27/1989,24.5,30.39,11,1989
NRR001,11/27/1989,25,30.39,11,1989
NRR001,11/27/1989,25.5,30.4,11,1989
NRR001,11/27/1989,26,30.4,11,1989
NRR001,11/27/1989,26.5,30.4,11,1989
NRR001,11/27/1989,27,30.4,11,1989
NRR001,11/27/1989,27.5,30.4,11,1989
NRR001,11/27/1989,28,30.4,11,1989
NRR001,11/27/1989,28.5,30.4,11,1989
NRR001,11/27/1989,29,30.4,11,1989
NRR001,11/27/1989,29.5,30.4,11,1989
NRR001,11/27/1989,30,30.4,11,1989
NRR001,12/18/1989,1,29.73,12,1989
NRR001,12/18/1989,2,29.91,12,1989
NRR001,12/18/1989,3,29.92,12,1989
NRR001,12/18/1989,4,29.92,12,1989
NRR001,12/18/1989,5,29.92,12,1989
NRR001,12/18/1989,6,29.92,12,1989
NRR001,12/18/1989,7,29.92,12,1989
NRR001,12/18/1989,8,29.92,12,1989
NRR001,12/18/1989,9,29.92,12,1989
NRR001,12/18/1989,10,29.93,12,1989
NRR001,12/18/1989,11,29.92,12,1989
NRR001,12/18/1989,12,29.92,12,1989
NRR001,12/18/1989,13,29.92,12,1989
NRR001,12/18/1989,14,29.92,12,1989
NRR001,12/18/1989,15,29.92,12,1989
NRR001,12/18/1989,16,29.93,12,1989
NRR001,12/18/1989,17,29.93,12,1989
NRR001,12/18/1989,18,29.93,12,1989
NRR001,12/18/1989,19,29.93,12,1989
NRR001,12/18/1989,20,29.93,12,1989
NRR001,12/18/1989,21,29.93,12,1989
NRR001,12/18/1989,22,29.92,12,1989
NRR001,12/18/1989,23,29.93,12,1989
NRR001,12/18/1989,24,29.93,12,1989
NRR001,12/18/1989,25,29.93,12,1989
NRR001,12/18/1989,26,29.93,12,1989
NRR001,12/18/1989,27,29.93,12,1989
NRR001,12/18/1989,28,29.93,12,1989
NRR001,12/18/1989,29,29.93,12,1989
NRR001,2/26/1990,1,28.83,2,1990
NRR001,2/26/1990,2,28.86,2,1990
NRR001,2/26/1990,3,28.86,2,1990
NRR001,2/26/1990,4,28.87,2,1990
NRR001,2/26/1990,5,28.87,2,1990
NRR001,2/26/1990,6,28.87,2,1990
NRR001,2/26/1990,7,28.88,2,1990
NRR001,2/26/1990,8,28.89,2,1990
NRR001,2/26/1990,9,28.93,2,1990
NRR001,2/26/1990,10,28.99,2,1990
NRR001,2/26/1990,11,29.04,2,1990
NRR001,2/26/1990,12,29.05,2,1990
NRR001,2/26/1990,13,29.06,2,1990
NRR001,2/26/1990,14,29.05,2,1990
NRR001,2/26/1990,15,29.05,2,1990
NRR001,2/26/1990,16,29.06,2,1990
NRR001,2/26/1990,17,29.09,2,1990
NRR001,2/26/1990,18,29.09,2,1990
NRR001,2/26/1990,19,29.09,2,1990
NRR001,2/26/1990,20,29.1,2,1990
NRR001,2/26/1990,21,29.09,2,1990
NRR001,2/26/1990,22,29.1,2,1990
NRR001,2/26/1990,23,29.13,2,1990
NRR001,2/26/1990,24,29.19,2,1990
NRR001,2/26/1990,25,29.15,2,1990
NRR001,2/26/1990,26,29.16,2,1990
NRR001,2/26/1990,27,29.17,2,1990
NRR001,2/26/1990,28,29.16,2,1990
NRR001,2/26/1990,29,29.27,2,1990
NRR001,2/26/1990,30,29.29,2,1990
NRR001,2/26/1990,31,29.3,2,1990
NRR001,4/16/1990,1,29.11,4,1990
NRR001,4/16/1990,2,28.99,4,1990
NRR001,4/16/1990,3,28.98,4,1990
NRR001,4/16/1990,4,28.97,4,1990
NRR001,4/16/1990,5,28.97,4,1990
NRR001,4/16/1990,6,28.97,4,1990
NRR001,4/16/1990,7,28.98,4,1990
NRR001,4/16/1990,8,29,4,1990
NRR001,4/16/1990,9,29,4,1990
NRR001,4/16/1990,10,29,4,1990
NRR001,4/16/1990,11,28.99,4,1990
NRR001,4/16/1990,12,28.98,4,1990
NRR001,4/16/1990,13,28.99,4,1990
NRR001,4/16/1990,14,28.99,4,1990
NRR001,4/16/1990,15,28.99,4,1990
NRR001,4/16/1990,16,29,4,1990
NRR001,4/16/1990,17,29.01,4,1990
NRR001,4/16/1990,18,29,4,1990
NRR001,4/16/1990,19,28.99,4,1990
NRR001,4/16/1990,20,29,4,1990
NRR001,4/16/1990,21,29,4,1990
NRR001,4/16/1990,22,29,4,1990
NRR001,4/16/1990,23,29,4,1990
NRR001,4/16/1990,24,28.99,4,1990
NRR001,4/16/1990,25,28.99,4,1990
NRR001,4/16/1990,26,28.99,4,1990
NRR001,4/16/1990,27,28.99,4,1990
NRR001,4/16/1990,28,29,4,1990
NRR001,4/16/1990,29,29,4,1990
NRR001,4/16/1990,30,28.99,4,1990
NRR001,4/16/1990,31,29,4,1990
NRR001,5/21/1990,1,29.78,5,1990
NRR001,5/21/1990,2,29.78,5,1990
NRR001,5/21/1990,3,29.79,5,1990
NRR001,5/21/1990,4,29.79,5,1990
NRR001,5/21/1990,5,29.79,5,1990
NRR001,5/21/1990,6,29.79,5,1990
NRR001,5/21/1990,7,29.8,5,1990
NRR001,5/21/1990,8,29.81,5,1990
NRR001,5/21/1990,9,29.81,5,1990
NRR001,5/21/1990,10,29.82,5,1990
NRR001,5/21/1990,11,29.82,5,1990
NRR001,5/21/1990,12,29.82,5,1990
NRR001,5/21/1990,13,29.83,5,1990
NRR001,5/21/1990,14,29.82,5,1990
NRR001,5/21/1990,15,29.8,5,1990
NRR001,5/21/1990,16,29.8,5,1990
NRR001,5/21/1990,17,29.79,5,1990
NRR001,5/21/1990,18,29.79,5,1990
NRR001,5/21/1990,19,29.79,5,1990
NRR001,5/21/1990,20,29.78,5,1990
NRR001,5/21/1990,21,29.79,5,1990
NRR001,5/21/1990,22,29.79,5,1990
NRR001,5/21/1990,23,29.79,5,1990
NRR001,5/21/1990,24,29.79,5,1990
NRR001,5/21/1990,25,29.79,5,1990
NRR001,5/21/1990,26,29.79,5,1990
NRR001,5/21/1990,27,29.79,5,1990
NRR001,5/21/1990,28,29.8,5,1990
NRR001,5/21/1990,29,29.8,5,1990
NRR001,5/21/1990,30,29.79,5,1990
NRR001,5/21/1990,31,29.8,5,1990
NRR001,5/21/1990,32,29.8,5,1990
NRR001,6/19/1990,1,29.92,6,1990
NRR001,6/19/1990,2,29.87,6,1990
NRR001,6/19/1990,3,29.87,6,1990
NRR001,6/19/1990,4,29.87,6,1990
NRR001,6/19/1990,5,29.87,6,1990
NRR001,6/19/1990,6,29.87,6,1990
NRR001,6/19/1990,7,29.87,6,1990
NRR001,6/19/1990,8,29.87,6,1990
NRR001,6/19/1990,9,29.87,6,1990
NRR001,6/19/1990,10,29.87,6,1990
NRR001,6/19/1990,11,29.88,6,1990
NRR001,6/19/1990,12,29.88,6,1990
NRR001,6/19/1990,13,29.89,6,1990
NRR001,6/19/1990,14,29.89,6,1990
NRR001,6/19/1990,15,29.89,6,1990
NRR001,6/19/1990,16,29.89,6,1990
NRR001,6/19/1990,17,29.89,6,1990
NRR001,6/19/1990,18,29.9,6,1990
NRR001,6/19/1990,19,29.9,6,1990
NRR001,6/19/1990,20,29.89,6,1990
NRR001,6/19/1990,21,29.89,6,1990
NRR001,6/19/1990,22,29.89,6,1990
NRR001,6/19/1990,23,29.89,6,1990
NRR001,6/19/1990,24,29.89,6,1990
NRR001,6/19/1990,25,29.89,6,1990
NRR001,6/19/1990,26,29.89,6,1990
NRR001,6/19/1990,27,29.89,6,1990
NRR001,6/19/1990,28,29.89,6,1990
NRR001,6/19/1990,29,29.89,6,1990
NRR001,6/19/1990,30,29.89,6,1990
NRR001,6/19/1990,31,29.89,6,1990
NRR001,6/19/1990,32,29.89,6,1990
NRR001,7/31/1990,0.5,29.77,7,1990
NRR001,7/31/1990,1,29.78,7,1990
NRR001,7/31/1990,1.5,29.78,7,1990
NRR001,7/31/1990,2,29.8,7,1990
NRR001,7/31/1990,2.5,29.81,7,1990
NRR001,7/31/1990,3,29.82,7,1990
NRR001,7/31/1990,3.5,29.84,7,1990
NRR001,7/31/1990,4,29.85,7,1990
NRR001,7/31/1990,4.5,29.84,7,1990
NRR001,7/31/1990,5,29.85,7,1990
NRR001,7/31/1990,5.5,29.85,7,1990
NRR001,7/31/1990,6,29.84,7,1990
NRR001,7/31/1990,6.5,29.85,7,1990
NRR001,7/31/1990,7.5,29.83,7,1990
NRR001,7/31/1990,8,29.84,7,1990
NRR001,7/31/1990,8.5,29.85,7,1990
NRR001,7/31/1990,9,29.86,7,1990
NRR001,7/31/1990,9.5,29.88,7,1990
NRR001,7/31/1990,10,29.85,7,1990
NRR001,7/31/1990,10.5,29.88,7,1990
NRR001,7/31/1990,11,29.89,7,1990
NRR001,7/31/1990,11.5,29.89,7,1990
NRR001,7/31/1990,12,29.89,7,1990
NRR001,7/31/1990,12.5,29.89,7,1990
NRR001,7/31/1990,13,29.89,7,1990
NRR001,7/31/1990,13.5,29.89,7,1990
NRR001,7/31/1990,14,29.89,7,1990
NRR001,7/31/1990,14.5,29.89,7,1990
NRR001,7/31/1990,15,29.89,7,1990
NRR001,7/31/1990,15.5,29.89,7,1990
NRR001,7/31/1990,16,29.89,7,1990
NRR001,7/31/1990,16.5,29.89,7,1990
NRR001,7/31/1990,17,29.89,7,1990
NRR001,7/31/1990,17.5,29.89,7,1990
NRR001,7/31/1990,18,29.88,7,1990
NRR001,7/31/1990,18.5,29.89,7,1990
NRR001,7/31/1990,19,29.88,7,1990
NRR001,7/31/1990,19.5,29.89,7,1990
NRR001,7/31/1990,20,29.88,7,1990
NRR001,7/31/1990,20.5,29.88,7,1990
NRR001,7/31/1990,21,29.89,7,1990
NRR001,7/31/1990,21.5,29.88,7,1990
NRR001,7/31/1990,22,29.88,7,1990
NRR001,7/31/1990,22.5,29.88,7,1990
NRR001,7/31/1990,23,29.88,7,1990
NRR001,7/31/1990,23.5,29.89,7,1990
NRR001,7/31/1990,24,29.88,7,1990
NRR001,7/31/1990,24.5,29.89,7,1990
NRR001,7/31/1990,25,29.89,7,1990
NRR001,7/31/1990,25.5,29.88,7,1990
NRR001,7/31/1990,26,29.89,7,1990
NRR001,7/31/1990,26.5,29.88,7,1990
NRR001,7/31/1990,27,29.89,7,1990
NRR001,7/31/1990,27.5,29.88,7,1990
NRR001,7/31/1990,28,29.88,7,1990
NRR001,7/31/1990,28.5,29.88,7,1990
NRR001,7/31/1990,29,29.89,7,1990
NRR001,7/31/1990,29.5,29.89,7,1990
NRR001,7/31/1990,30,29.88,7,1990
NRR001,7/31/1990,30.5,29.88,7,1990
NRR001,7/31/1990,31,29.88,7,1990
NRR001,7/31/1990,31.5,29.88,7,1990
NRR001,7/31/1990,32,29.89,7,1990
NRR001,7/31/1990,32.5,29.88,7,1990
NRR001,8/27/1990,0.5,29.73,8,1990
NRR001,8/27/1990,1,29.74,8,1990
NRR001,8/27/1990,1.5,29.76,8,1990
NRR001,8/27/1990,2,29.82,8,1990
NRR001,8/27/1990,2.5,29.82,8,1990
NRR001,8/27/1990,3,29.87,8,1990
NRR001,8/27/1990,3.5,29.9,8,1990
NRR001,8/27/1990,4,29.9,8,1990
NRR001,8/27/1990,4.5,29.93,8,1990
NRR001,8/27/1990,5,29.94,8,1990
NRR001,8/27/1990,5.5,29.97,8,1990
NRR001,8/27/1990,6,29.98,8,1990
NRR001,8/27/1990,6.5,30.01,8,1990
NRR001,8/27/1990,7,30.02,8,1990
NRR001,8/27/1990,7.5,30.02,8,1990
NRR001,8/27/1990,8,30.02,8,1990
NRR001,8/27/1990,8.5,30.02,8,1990
NRR001,8/27/1990,9,30.03,8,1990
NRR001,8/27/1990,9.5,30.04,8,1990
NRR001,8/27/1990,10,30.06,8,1990
NRR001,8/27/1990,10.5,30.06,8,1990
NRR001,8/27/1990,11,30.04,8,1990
NRR001,8/27/1990,11.5,30.03,8,1990
NRR001,8/27/1990,12,30.03,8,1990
NRR001,8/27/1990,12.5,30.04,8,1990
NRR001,8/27/1990,13,30.05,8,1990
NRR001,8/27/1990,13.5,30.06,8,1990
NRR001,8/27/1990,14,30.06,8,1990
NRR001,8/27/1990,14.5,30.06,8,1990
NRR001,8/27/1990,15,30.05,8,1990
NRR001,8/27/1990,15.5,30.07,8,1990
NRR001,8/27/1990,16,30.07,8,1990
NRR001,8/27/1990,16.5,30.07,8,1990
NRR001,8/27/1990,17,30.07,8,1990
NRR001,8/27/1990,17.5,30.07,8,1990
NRR001,8/27/1990,18,30.07,8,1990
NRR001,8/27/1990,18.5,30.07,8,1990
NRR001,8/27/1990,19,30.08,8,1990
NRR001,8/27/1990,19.5,30.08,8,1990
NRR001,8/27/1990,20,30.07,8,1990
NRR001,8/27/1990,20.5,30.09,8,1990
NRR001,8/27/1990,21,30.1,8,1990
NRR001,8/27/1990,21.5,30.1,8,1990
NRR001,8/27/1990,22,30.1,8,1990
NRR001,8/27/1990,22.5,30.1,8,1990
NRR001,8/27/1990,23,30.1,8,1990
NRR001,8/27/1990,23.5,30.1,8,1990
NRR001,8/27/1990,24,30.1,8,1990
NRR001,8/27/1990,24.5,30.1,8,1990
NRR001,8/27/1990,25,30.11,8,1990
NRR001,8/27/1990,25.5,30.11,8,1990
NRR001,8/27/1990,26,30.11,8,1990
NRR001,8/27/1990,26.5,30.12,8,1990
NRR001,8/27/1990,27,30.12,8,1990
NRR001,8/27/1990,27.5,30.12,8,1990
NRR001,8/27/1990,28,30.11,8,1990
NRR001,12/11/1990,0.5,29.62,12,1990
NRR001,12/11/1990,1,29.62,12,1990
NRR001,12/11/1990,1.5,29.62,12,1990
NRR001,12/11/1990,2,29.63,12,1990
NRR001,12/11/1990,2.5,29.62,12,1990
NRR001,12/11/1990,3,29.62,12,1990
NRR001,12/11/1990,3.5,29.62,12,1990
NRR001,12/11/1990,4,29.62,12,1990
NRR001,12/11/1990,4.5,29.62,12,1990
NRR001,12/11/1990,5,29.62,12,1990
NRR001,12/11/1990,5.5,29.63,12,1990
NRR001,12/11/1990,6,29.63,12,1990
NRR001,12/11/1990,6.5,29.63,12,1990
NRR001,12/11/1990,7,29.63,12,1990
NRR001,12/11/1990,7.5,29.62,12,1990
NRR001,12/11/1990,8,29.63,12,1990
NRR001,12/11/1990,8.5,29.65,12,1990
NRR001,12/11/1990,9,29.64,12,1990
NRR001,12/11/1990,9.5,29.65,12,1990
NRR001,12/11/1990,10,29.64,12,1990
NRR001,12/11/1990,10.5,29.64,12,1990
NRR001,12/11/1990,11,29.65,12,1990
NRR001,12/11/1990,11.5,29.65,12,1990
NRR001,12/11/1990,12,29.67,12,1990
NRR001,12/11/1990,12.5,29.69,12,1990
NRR001,12/11/1990,13,29.68,12,1990
NRR001,12/11/1990,13.5,29.68,12,1990
NRR001,12/11/1990,14,29.67,12,1990
NRR001,12/11/1990,14.5,29.67,12,1990
NRR001,12/11/1990,15,29.68,12,1990
NRR001,12/11/1990,15.5,29.67,12,1990
NRR001,12/11/1990,16,29.68,12,1990
NRR001,12/11/1990,16.5,29.68,12,1990
NRR001,12/11/1990,17,29.68,12,1990
NRR001,12/11/1990,17.5,29.69,12,1990
NRR001,12/11/1990,18,29.69,12,1990
NRR001,12/11/1990,18.5,29.7,12,1990
NRR001,12/11/1990,19,29.71,12,1990
NRR001,12/11/1990,19.5,29.71,12,1990
NRR001,12/11/1990,20,29.71,12,1990
NRR001,12/11/1990,20.5,29.71,12,1990
NRR001,12/11/1990,21,29.73,12,1990
NRR001,12/11/1990,21.5,29.71,12,1990
NRR001,12/11/1990,22,29.72,12,1990
NRR001,12/11/1990,22.5,29.71,12,1990
NRR001,12/11/1990,23,29.71,12,1990
NRR001,12/11/1990,23.5,29.73,12,1990
NRR001,12/11/1990,24,29.71,12,1990
NRR001,12/11/1990,24.5,29.71,12,1990
NRR001,12/11/1990,25,29.7,12,1990
NRR001,12/11/1990,25.5,29.7,12,1990
NRR001,12/11/1990,26,29.71,12,1990
NRR001,12/11/1990,26.5,29.7,12,1990
NRR001,12/11/1990,27,29.72,12,1990
NRR001,12/11/1990,27.5,29.76,12,1990
NRR001,12/11/1990,28,29.76,12,1990
NRR001,12/11/1990,28.5,29.76,12,1990
NRR001,12/11/1990,29,29.76,12,1990
NRR001,12/11/1990,29.5,29.76,12,1990
NRR001,12/11/1990,30,29.76,12,1990
NRR001,12/11/1990,30.5,29.77,12,1990
NRR001,12/11/1990,31,29.81,12,1990
NRR001,12/11/1990,31.5,29.82,12,1990
NRR001,12/11/1990,32,29.82,12,1990
NRR001,12/11/1990,32.5,29.81,12,1990
NRR001,12/11/1990,33,29.8,12,1990
NRR001,2/5/1991,0.5,28.5,2,1991
NRR001,2/5/1991,1,28.45,2,1991
NRR001,2/5/1991,1.5,28.47,2,1991
NRR001,2/5/1991,2,28.51,2,1991
NRR001,2/5/1991,2.5,28.62,2,1991
NRR001,2/5/1991,3,28.61,2,1991
NRR001,2/5/1991,3.5,28.61,2,1991
NRR001,2/5/1991,4,28.59,2,1991
NRR001,2/5/1991,4.5,28.61,2,1991
NRR001,2/5/1991,5,28.6,2,1991
NRR001,2/5/1991,5.5,28.59,2,1991
NRR001,2/5/1991,6,28.61,2,1991
NRR001,2/5/1991,6.5,28.62,2,1991
NRR001,2/5/1991,7,28.63,2,1991
NRR001,2/5/1991,7.5,28.63,2,1991
NRR001,2/5/1991,8,28.63,2,1991
NRR001,2/5/1991,8.5,28.63,2,1991
NRR001,2/5/1991,9,28.64,2,1991
NRR001,2/5/1991,9.5,28.64,2,1991
NRR001,2/5/1991,10,28.67,2,1991
NRR001,2/5/1991,10.5,28.65,2,1991
NRR001,2/5/1991,11,28.65,2,1991
NRR001,2/5/1991,11.5,28.65,2,1991
NRR001,2/5/1991,12,28.66,2,1991
NRR001,2/5/1991,12.5,28.66,2,1991
NRR001,2/5/1991,13,28.67,2,1991
NRR001,2/5/1991,13.5,28.67,2,1991
NRR001,2/5/1991,14,28.67,2,1991
NRR001,2/5/1991,14.5,28.67,2,1991
NRR001,2/5/1991,15,28.67,2,1991
NRR001,2/5/1991,15.5,28.67,2,1991
NRR001,2/5/1991,16,28.67,2,1991
NRR001,2/5/1991,16.5,28.66,2,1991
NRR001,2/5/1991,17,28.66,2,1991
NRR001,2/5/1991,17.5,28.66,2,1991
NRR001,2/5/1991,18,28.66,2,1991
NRR001,2/5/1991,18.5,28.66,2,1991
NRR001,2/5/1991,19,28.66,2,1991
NRR001,2/5/1991,19.5,28.66,2,1991
NRR001,2/5/1991,20,28.66,2,1991
NRR001,2/5/1991,20.5,28.66,2,1991
NRR001,2/5/1991,21,28.67,2,1991
NRR001,2/5/1991,21.5,28.67,2,1991
NRR001,2/5/1991,22,28.66,2,1991
NRR001,2/5/1991,22.5,28.68,2,1991
NRR001,2/5/1991,23,28.67,2,1991
NRR001,2/5/1991,23.5,28.67,2,1991
NRR001,2/5/1991,24,28.68,2,1991
NRR001,2/5/1991,24.5,28.68,2,1991
NRR001,2/5/1991,25,28.68,2,1991
NRR001,3/4/1991,0.5,29.13,3,1991
NRR001,3/4/1991,1,29.14,3,1991
NRR001,3/4/1991,1.5,29.16,3,1991
NRR001,3/4/1991,2,29.16,3,1991
NRR001,3/4/1991,2.5,29.16,3,1991
NRR001,3/4/1991,3,29.15,3,1991
NRR001,3/4/1991,3.5,29.15,3,1991
NRR001,3/4/1991,4,29.14,3,1991
NRR001,3/4/1991,4.5,29.12,3,1991
NRR001,3/4/1991,5,29.12,3,1991
NRR001,3/4/1991,5.5,29.11,3,1991
NRR001,3/4/1991,6,29.11,3,1991
NRR001,3/4/1991,6.5,29.11,3,1991
NRR001,3/4/1991,7,29.12,3,1991
NRR001,3/4/1991,7.5,29.13,3,1991
NRR001,3/4/1991,8,29.13,3,1991
NRR001,3/4/1991,8.5,29.13,3,1991
NRR001,3/4/1991,9,29.13,3,1991
NRR001,3/4/1991,9.5,29.12,3,1991
NRR001,3/4/1991,10,29.12,3,1991
NRR001,3/4/1991,10.5,29.12,3,1991
NRR001,3/4/1991,11,29.13,3,1991
NRR001,3/4/1991,11.5,29.15,3,1991
NRR001,3/4/1991,12,29.15,3,1991
NRR001,3/4/1991,12.5,29.17,3,1991
NRR001,3/4/1991,13,29.18,3,1991
NRR001,3/4/1991,13.5,29.18,3,1991
NRR001,3/4/1991,14,29.18,3,1991
NRR001,3/4/1991,14.5,29.19,3,1991
NRR001,3/4/1991,15,29.19,3,1991
NRR001,3/4/1991,15.5,29.21,3,1991
NRR001,3/4/1991,16,29.21,3,1991
NRR001,3/4/1991,16.5,29.21,3,1991
NRR001,3/4/1991,17,29.21,3,1991
NRR001,3/4/1991,17.5,29.21,3,1991
NRR001,3/4/1991,18,29.21,3,1991
NRR001,3/4/1991,18.5,29.22,3,1991
NRR001,3/4/1991,19,29.22,3,1991
NRR001,3/4/1991,19.5,29.22,3,1991
NRR001,3/4/1991,20,29.21,3,1991
NRR001,3/4/1991,20.5,29.22,3,1991
NRR001,3/4/1991,21,29.21,3,1991
NRR001,3/4/1991,21.5,29.2,3,1991
NRR001,3/4/1991,22,29.2,3,1991
NRR001,3/4/1991,22.5,29.2,3,1991
NRR001,3/4/1991,23,29.2,3,1991
NRR001,3/4/1991,23.5,29.2,3,1991
NRR001,3/4/1991,24,29.21,3,1991
NRR001,3/4/1991,24.5,29.21,3,1991
NRR001,3/4/1991,25,29.21,3,1991
NRR001,3/4/1991,25.5,29.21,3,1991
NRR001,3/4/1991,26,29.2,3,1991
NRR001,3/4/1991,26.5,29.21,3,1991
NRR001,3/4/1991,27,29.2,3,1991
NRR001,3/4/1991,27.5,29.2,3,1991
NRR001,3/4/1991,28,29.19,3,1991
NRR001,3/4/1991,28.5,29.19,3,1991
NRR001,3/4/1991,29,29.19,3,1991
NRR001,4/22/1991,0.5,28,4,1991
NRR001,4/22/1991,1,27.97,4,1991
NRR001,4/22/1991,1.5,28,4,1991
NRR001,4/22/1991,2,28.01,4,1991
NRR001,4/22/1991,2.5,28,4,1991
NRR001,4/22/1991,3,28.01,4,1991
NRR001,4/22/1991,3.5,28.01,4,1991
NRR001,4/22/1991,4,28,4,1991
NRR001,4/22/1991,4.5,28,4,1991
NRR001,4/22/1991,5,28,4,1991
NRR001,4/22/1991,5.5,28,4,1991
NRR001,4/22/1991,6,28.01,4,1991
NRR001,4/22/1991,6.5,28.01,4,1991
NRR001,4/22/1991,7,28.02,4,1991
NRR001,4/22/1991,7.5,28.03,4,1991
NRR001,4/22/1991,8,28.04,4,1991
NRR001,4/22/1991,8.5,28.06,4,1991
NRR001,4/22/1991,9,28.05,4,1991
NRR001,4/22/1991,9.5,28.06,4,1991
NRR001,4/22/1991,10,28.06,4,1991
NRR001,4/22/1991,10.5,28.03,4,1991
NRR001,4/22/1991,11,28.03,4,1991
NRR001,4/22/1991,11.5,28.06,4,1991
NRR001,4/22/1991,12,28.07,4,1991
NRR001,4/22/1991,12.5,28.07,4,1991
NRR001,4/22/1991,13,28.07,4,1991
NRR001,4/22/1991,13.5,28.07,4,1991
NRR001,4/22/1991,14,28.04,4,1991
NRR001,4/22/1991,14.5,28.05,4,1991
NRR001,4/22/1991,15,28.06,4,1991
NRR001,4/22/1991,15.5,28.06,4,1991
NRR001,4/22/1991,16,28.07,4,1991
NRR001,4/22/1991,16.5,28.07,4,1991
NRR001,4/22/1991,17,28.06,4,1991
NRR001,4/22/1991,17.5,28.06,4,1991
NRR001,4/22/1991,18,28.06,4,1991
NRR001,4/22/1991,18.5,28.06,4,1991
NRR001,4/22/1991,19,28.07,4,1991
NRR001,4/22/1991,19.5,28.06,4,1991
NRR001,4/22/1991,20,28.06,4,1991
NRR001,4/22/1991,20.5,28.06,4,1991
NRR001,4/22/1991,21,28.07,4,1991
NRR001,4/22/1991,21.5,28.07,4,1991
NRR001,4/22/1991,22,28.06,4,1991
NRR001,4/22/1991,22.5,28.07,4,1991
NRR001,4/22/1991,23,28.07,4,1991
NRR001,4/22/1991,23.5,28.08,4,1991
NRR001,4/22/1991,24,28.09,4,1991
NRR001,4/22/1991,24.5,28.09,4,1991
NRR001,4/22/1991,25,28.08,4,1991
NRR001,4/22/1991,25.5,28.08,4,1991
NRR001,4/22/1991,26,28.08,4,1991
NRR001,4/22/1991,26.5,28.08,4,1991
NRR001,4/22/1991,27,28.08,4,1991
NRR001,4/22/1991,27.5,28.08,4,1991
NRR001,4/22/1991,28,28.1,4,1991
NRR001,4/22/1991,28.5,28.1,4,1991
NRR001,4/22/1991,29,28.1,4,1991
NRR001,4/22/1991,29.5,28.1,4,1991
NRR001,4/22/1991,30,28.1,4,1991
NRR001,4/22/1991,30.5,28.1,4,1991
NRR001,4/22/1991,31,28.09,4,1991
NRR001,5/28/1991,0.5,29.22,5,1991
NRR001,5/28/1991,1,29.2,5,1991
NRR001,5/28/1991,1.5,29.19,5,1991
NRR001,5/28/1991,2,29.19,5,1991
NRR001,5/28/1991,2.5,29.19,5,1991
NRR001,5/28/1991,3,29.19,5,1991
NRR001,5/28/1991,3.5,29.19,5,1991
NRR001,5/28/1991,4,29.2,5,1991
NRR001,5/28/1991,4.5,29.19,5,1991
NRR001,5/28/1991,5,29.2,5,1991
NRR001,5/28/1991,5.5,29.2,5,1991
NRR001,5/28/1991,6,29.2,5,1991
NRR001,5/28/1991,6.5,29.2,5,1991
NRR001,5/28/1991,7,29.2,5,1991
NRR001,5/28/1991,7.5,29.2,5,1991
NRR001,5/28/1991,8,29.2,5,1991
NRR001,5/28/1991,8.5,29.2,5,1991
NRR001,5/28/1991,9,29.2,5,1991
NRR001,5/28/1991,9.5,29.2,5,1991
NRR001,5/28/1991,10,29.2,5,1991
NRR001,5/28/1991,10.5,29.2,5,1991
NRR001,5/28/1991,11,29.2,5,1991
NRR001,5/28/1991,11.5,29.2,5,1991
NRR001,5/28/1991,12,29.2,5,1991
NRR001,5/28/1991,12.5,29.19,5,1991
NRR001,5/28/1991,13,29.19,5,1991
NRR001,5/28/1991,13.5,29.19,5,1991
NRR001,5/28/1991,14,29.19,5,1991
NRR001,5/28/1991,14.5,29.19,5,1991
NRR001,5/28/1991,15,29.19,5,1991
NRR001,5/28/1991,15.5,29.19,5,1991
NRR001,5/28/1991,16,29.19,5,1991
NRR001,5/28/1991,16.5,29.2,5,1991
NRR001,5/28/1991,17,29.2,5,1991
NRR001,5/28/1991,17.5,29.2,5,1991
NRR001,5/28/1991,18,29.2,5,1991
NRR001,5/28/1991,18.5,29.2,5,1991
NRR001,5/28/1991,19,29.2,5,1991
NRR001,5/28/1991,19.5,29.19,5,1991
NRR001,5/28/1991,20,29.2,5,1991
NRR001,5/28/1991,20.5,29.2,5,1991
NRR001,5/28/1991,21,29.2,5,1991
NRR001,5/28/1991,21.5,29.21,5,1991
NRR001,5/28/1991,22,29.21,5,1991
NRR001,5/28/1991,22.5,29.21,5,1991
NRR001,5/28/1991,23,29.21,5,1991
NRR001,5/28/1991,23.5,29.21,5,1991
NRR001,5/28/1991,24,29.21,5,1991
NRR001,5/28/1991,24.5,29.21,5,1991
NRR001,5/28/1991,25,29.21,5,1991
NRR001,5/28/1991,25.5,29.21,5,1991
NRR001,5/28/1991,26,29.21,5,1991
NRR001,5/28/1991,26.5,29.21,5,1991
NRR001,5/28/1991,27,29.21,5,1991
NRR001,5/28/1991,27.5,29.21,5,1991
NRR001,5/28/1991,28,29.21,5,1991
NRR001,5/28/1991,28.5,29.21,5,1991
NRR001,5/28/1991,29,29.21,5,1991
NRR001,5/28/1991,29.5,29.21,5,1991
NRR001,5/28/1991,30,29.21,5,1991
NRR001,5/28/1991,30.5,29.21,5,1991
NRR001,6/17/1991,0.5,29.03,6,1991
NRR001,6/17/1991,1,29.04,6,1991
NRR001,6/17/1991,1.5,29.03,6,1991
NRR001,6/17/1991,2,29.03,6,1991
NRR001,6/17/1991,2.5,29.03,6,1991
NRR001,6/17/1991,3,29.03,6,1991
NRR001,6/17/1991,3.5,29.03,6,1991
NRR001,6/17/1991,4,29.03,6,1991
NRR001,6/17/1991,4.5,29.03,6,1991
NRR001,6/17/1991,5,29.03,6,1991
NRR001,6/17/1991,5.5,29.03,6,1991
NRR001,6/17/1991,6,29.03,6,1991
NRR001,6/17/1991,6.5,29.03,6,1991
NRR001,6/17/1991,7,29.03,6,1991
NRR001,6/17/1991,7.5,29.03,6,1991
NRR001,6/17/1991,8,29.03,6,1991
NRR001,6/17/1991,8.5,29.03,6,1991
NRR001,6/17/1991,9,29.03,6,1991
NRR001,6/17/1991,9.5,29.03,6,1991
NRR001,6/17/1991,10,29.03,6,1991
NRR001,6/17/1991,10.5,29.03,6,1991
NRR001,6/17/1991,11,29.03,6,1991
NRR001,6/17/1991,11.5,29.03,6,1991
NRR001,6/17/1991,12,29.03,6,1991
NRR001,6/17/1991,12.5,29.04,6,1991
NRR001,6/17/1991,13,29.06,6,1991
NRR001,6/17/1991,13.5,29.06,6,1991
NRR001,6/17/1991,14,29.07,6,1991
NRR001,6/17/1991,14.5,29.07,6,1991
NRR001,6/17/1991,15,29.07,6,1991
NRR001,6/17/1991,15.5,29.07,6,1991
NRR001,6/17/1991,16,29.07,6,1991
NRR001,6/17/1991,16.5,29.06,6,1991
NRR001,6/17/1991,17,29.06,6,1991
NRR001,6/17/1991,17.5,29.06,6,1991
NRR001,6/17/1991,18,29.07,6,1991
NRR001,6/17/1991,18.5,29.07,6,1991
NRR001,6/17/1991,19,29.07,6,1991
NRR001,6/17/1991,19.5,29.06,6,1991
NRR001,6/17/1991,20,29.06,6,1991
NRR001,6/17/1991,20.5,29.07,6,1991
NRR001,6/17/1991,21,29.1,6,1991
NRR001,6/17/1991,21.5,29.09,6,1991
NRR001,6/17/1991,22,29.07,6,1991
NRR001,6/17/1991,22.5,29.07,6,1991
NRR001,6/17/1991,23,29.07,6,1991
NRR001,6/17/1991,23.5,29.07,6,1991
NRR001,6/17/1991,24,29.06,6,1991
NRR001,6/17/1991,24.5,29.06,6,1991
NRR001,6/17/1991,25,29.08,6,1991
NRR001,6/17/1991,25.5,29.08,6,1991
NRR001,6/17/1991,26,29.09,6,1991
NRR001,6/17/1991,26.5,29.09,6,1991
NRR001,6/17/1991,27,29.09,6,1991
NRR001,6/17/1991,27.5,29.09,6,1991
NRR001,6/17/1991,28,29.1,6,1991
NRR001,6/17/1991,28.5,29.1,6,1991
NRR001,6/17/1991,29,29.11,6,1991
NRR001,6/17/1991,29.5,29.11,6,1991
NRR001,6/17/1991,30,29.09,6,1991
NRR001,7/22/1991,0.5,29.91,7,1991
NRR001,7/22/1991,1,29.9,7,1991
NRR001,7/22/1991,1.5,29.89,7,1991
NRR001,7/22/1991,2,29.89,7,1991
NRR001,7/22/1991,2.5,29.91,7,1991
NRR001,7/22/1991,3,29.9,7,1991
NRR001,7/22/1991,3.5,29.9,7,1991
NRR001,7/22/1991,4,29.9,7,1991
NRR001,7/22/1991,4.5,29.9,7,1991
NRR001,7/22/1991,5,29.9,7,1991
NRR001,7/22/1991,5.5,29.9,7,1991
NRR001,7/22/1991,6,29.9,7,1991
NRR001,7/22/1991,6.5,29.9,7,1991
NRR001,7/22/1991,7,29.9,7,1991
NRR001,7/22/1991,7.5,29.9,7,1991
NRR001,7/22/1991,8,29.9,7,1991
NRR001,7/22/1991,8.5,29.89,7,1991
NRR001,7/22/1991,9,29.89,7,1991
NRR001,7/22/1991,9.5,29.89,7,1991
NRR001,7/22/1991,10,29.9,7,1991
NRR001,7/22/1991,10.5,29.91,7,1991
NRR001,7/22/1991,11,29.9,7,1991
NRR001,7/22/1991,11.5,29.89,7,1991
NRR001,7/22/1991,12,29.89,7,1991
NRR001,7/22/1991,12.5,29.9,7,1991
NRR001,7/22/1991,13,29.9,7,1991
NRR001,7/22/1991,13.5,29.9,7,1991
NRR001,7/22/1991,14,29.9,7,1991
NRR001,7/22/1991,14.5,29.9,7,1991
NRR001,7/22/1991,15,29.9,7,1991
NRR001,7/22/1991,15.5,29.89,7,1991
NRR001,7/22/1991,16,29.9,7,1991
NRR001,7/22/1991,16.5,29.9,7,1991
NRR001,7/22/1991,17,29.9,7,1991
NRR001,7/22/1991,17.5,29.9,7,1991
NRR001,7/22/1991,18,29.9,7,1991
NRR001,7/22/1991,18.5,29.9,7,1991
NRR001,7/22/1991,19,29.9,7,1991
NRR001,7/22/1991,19.5,29.9,7,1991
NRR001,7/22/1991,20,29.9,7,1991
NRR001,7/22/1991,20.5,29.9,7,1991
NRR001,7/22/1991,21,29.9,7,1991
NRR001,7/22/1991,21.5,29.9,7,1991
NRR001,7/22/1991,22,29.91,7,1991
NRR001,7/22/1991,22.5,29.9,7,1991
NRR001,7/22/1991,23,29.9,7,1991
NRR001,7/22/1991,23.5,29.9,7,1991
NRR001,7/22/1991,24,29.9,7,1991
NRR001,7/22/1991,24.5,29.9,7,1991
NRR001,7/22/1991,25,29.9,7,1991
NRR001,7/22/1991,25.5,29.9,7,1991
NRR001,7/22/1991,26,29.9,7,1991
NRR001,7/22/1991,26.5,29.9,7,1991
NRR001,7/22/1991,27,29.91,7,1991
NRR001,7/22/1991,27.5,29.91,7,1991
NRR001,7/22/1991,28,29.9,7,1991
NRR001,7/22/1991,28.5,29.9,7,1991
NRR001,7/22/1991,29,29.9,7,1991
NRR001,7/22/1991,29.5,29.9,7,1991
NRR001,8/19/1991,0.5,29.66,8,1991
NRR001,8/19/1991,1,29.64,8,1991
NRR001,8/19/1991,1.5,29.68,8,1991
NRR001,8/19/1991,2,29.69,8,1991
NRR001,8/19/1991,2.5,29.71,8,1991
NRR001,8/19/1991,3,29.72,8,1991
NRR001,8/19/1991,3.5,29.72,8,1991
NRR001,8/19/1991,4,29.73,8,1991
NRR001,8/19/1991,4.5,29.73,8,1991
NRR001,8/19/1991,5,29.73,8,1991
NRR001,8/19/1991,5.5,29.75,8,1991
NRR001,8/19/1991,6,29.75,8,1991
NRR001,8/19/1991,6.5,29.76,8,1991
NRR001,8/19/1991,7,29.76,8,1991
NRR001,8/19/1991,7.5,29.76,8,1991
NRR001,8/19/1991,8,29.74,8,1991
NRR001,8/19/1991,8.5,29.76,8,1991
NRR001,8/19/1991,9,29.75,8,1991
NRR001,8/19/1991,9.5,29.76,8,1991
NRR001,8/19/1991,10,29.76,8,1991
NRR001,8/19/1991,10.5,29.79,8,1991
NRR001,8/19/1991,11,29.8,8,1991
NRR001,8/19/1991,11.5,29.79,8,1991
NRR001,8/19/1991,12,29.8,8,1991
NRR001,8/19/1991,12.5,29.8,8,1991
NRR001,8/19/1991,13,29.8,8,1991
NRR001,8/19/1991,13.5,29.8,8,1991
NRR001,8/19/1991,14,29.81,8,1991
NRR001,8/19/1991,14.5,29.8,8,1991
NRR001,8/19/1991,15,29.8,8,1991
NRR001,8/19/1991,15.5,29.8,8,1991
NRR001,8/19/1991,16,29.77,8,1991
NRR001,8/19/1991,16.5,29.82,8,1991
NRR001,8/19/1991,17,29.82,8,1991
NRR001,8/19/1991,17.5,29.82,8,1991
NRR001,8/19/1991,18,29.8,8,1991
NRR001,8/19/1991,18.5,29.82,8,1991
NRR001,8/19/1991,19,29.83,8,1991
NRR001,8/19/1991,19.5,29.83,8,1991
NRR001,8/19/1991,20,29.84,8,1991
NRR001,8/19/1991,20.5,29.83,8,1991
NRR001,8/19/1991,21,29.85,8,1991
NRR001,8/19/1991,21.5,29.85,8,1991
NRR001,8/19/1991,22,29.85,8,1991
NRR001,8/19/1991,22.5,29.87,8,1991
NRR001,8/19/1991,23,29.88,8,1991
NRR001,8/19/1991,23.5,29.88,8,1991
NRR001,8/19/1991,24,29.88,8,1991
NRR001,8/19/1991,24.5,29.89,8,1991
NRR001,8/19/1991,25,29.9,8,1991
NRR001,8/19/1991,25.5,29.91,8,1991
NRR001,8/19/1991,26,29.91,8,1991
NRR001,8/19/1991,26.5,29.91,8,1991
NRR001,8/19/1991,27,29.91,8,1991
NRR001,8/19/1991,27.5,29.92,8,1991
NRR001,8/19/1991,28,29.94,8,1991
NRR001,8/19/1991,28.5,29.95,8,1991
NRR001,8/19/1991,29,29.95,8,1991
NRR001,8/19/1991,29.5,29.96,8,1991
NRR001,8/19/1991,30,29.98,8,1991
NRR001,8/19/1991,30.5,29.98,8,1991
NRR001,8/19/1991,31,30,8,1991
NRR001,8/19/1991,31.5,30,8,1991
NRR001,9/23/1991,0.5,30.2,9,1991
NRR001,9/23/1991,1,30.2,9,1991
NRR001,9/23/1991,1.5,30.2,9,1991
NRR001,9/23/1991,2,30.19,9,1991
NRR001,9/23/1991,2.5,30.2,9,1991
NRR001,9/23/1991,3,30.19,9,1991
NRR001,9/23/1991,3.5,30.19,9,1991
NRR001,9/23/1991,4,30.19,9,1991
NRR001,9/23/1991,4.5,30.19,9,1991
NRR001,9/23/1991,5,30.19,9,1991
NRR001,9/23/1991,5.5,30.19,9,1991
NRR001,9/23/1991,6,30.19,9,1991
NRR001,9/23/1991,6.5,30.2,9,1991
NRR001,9/23/1991,7,30.19,9,1991
NRR001,9/23/1991,7.5,30.21,9,1991
NRR001,9/23/1991,8,30.21,9,1991
NRR001,9/23/1991,8.5,30.21,9,1991
NRR001,9/23/1991,9,30.22,9,1991
NRR001,9/23/1991,9.5,30.21,9,1991
NRR001,9/23/1991,10,30.21,9,1991
NRR001,9/23/1991,10.5,30.22,9,1991
NRR001,9/23/1991,11,30.22,9,1991
NRR001,9/23/1991,11.5,30.21,9,1991
NRR001,9/23/1991,12,30.21,9,1991
NRR001,9/23/1991,12.5,30.21,9,1991
NRR001,9/23/1991,13,30.21,9,1991
NRR001,9/23/1991,13.5,30.21,9,1991
NRR001,9/23/1991,14,30.21,9,1991
NRR001,9/23/1991,14.5,30.21,9,1991
NRR001,9/23/1991,15,30.21,9,1991
NRR001,9/23/1991,15.5,30.21,9,1991
NRR001,9/23/1991,16,30.21,9,1991
NRR001,9/23/1991,16.5,30.2,9,1991
NRR001,9/23/1991,17,30.2,9,1991
NRR001,9/23/1991,17.5,30.21,9,1991
NRR001,9/23/1991,18,30.23,9,1991
NRR001,9/23/1991,18.5,30.25,9,1991
NRR001,9/23/1991,19,30.24,9,1991
NRR001,9/23/1991,19.5,30.24,9,1991
NRR001,9/23/1991,20,30.24,9,1991
NRR001,9/23/1991,20.5,30.26,9,1991
NRR001,9/23/1991,21,30.27,9,1991
NRR001,9/23/1991,21.5,30.28,9,1991
NRR001,9/23/1991,22,30.28,9,1991
NRR001,9/23/1991,22.5,30.25,9,1991
NRR001,9/23/1991,23,30.25,9,1991
NRR001,9/23/1991,23.5,30.24,9,1991
NRR001,9/23/1991,24,30.23,9,1991
NRR001,9/23/1991,24.5,30.23,9,1991
NRR001,9/23/1991,25,30.24,9,1991
NRR001,9/23/1991,25.5,30.24,9,1991
NRR001,9/23/1991,26,30.24,9,1991
NRR001,9/23/1991,26.5,30.23,9,1991
NRR001,9/23/1991,27,30.23,9,1991
NRR001,9/23/1991,27.5,30.24,9,1991
NRR001,9/23/1991,28,30.23,9,1991
NRR001,9/23/1991,28.5,30.24,9,1991
NRR001,9/23/1991,29,30.24,9,1991
NRR001,9/23/1991,29.5,30.23,9,1991
NRR001,9/23/1991,30,30.24,9,1991
NRR001,9/23/1991,30.5,30.22,9,1991
NRR001,9/23/1991,31,30.25,9,1991
